session_id,step,temperatura_atual,umidade_atual,presenca_atual,media_temperatura_janela,media_umidade_janela,variacao_temperatura,variacao_umidade,tendencia_temperatura,tendencia_umidade,quantidade_presenca_janela,temp_future_60s,cenario,origem
0,9,31.03000,63.58000,0,31.19600,62.29900,-0.37000,2.10000,-0.04111,0.23333,0,31.39000,stable,sintetico
0,10,31.01000,63.34000,0,31.15700,62.48500,-0.23000,1.79000,-0.02556,0.19889,0,31.35000,stable,sintetico
0,11,30.97000,63.63000,0,31.13000,62.69300,-0.24000,2.09000,-0.02667,0.23222,0,31.41000,stable,sintetico
0,12,31.01000,63.86000,0,31.11000,62.92500,-0.09000,1.83000,-0.01000,0.20333,0,31.41000,stable,sintetico
0,13,31.06000,65.04000,0,31.10600,63.22600,-0.14000,2.98000,-0.01556,0.33111,0,31.46000,stable,sintetico
0,14,31.01000,64.76000,0,31.08700,63.49600,-0.32000,2.44000,-0.03556,0.27111,0,31.45000,stable,sintetico
0,15,30.91000,65.10000,0,31.04500,63.77400,-0.32000,2.58000,-0.03556,0.28667,0,31.44000,stable,sintetico
0,16,31.05000,65.03000,0,31.02700,64.02500,-0.06000,2.02000,-0.00667,0.22444,0,31.27000,stable,sintetico
0,17,30.95000,64.58000,0,31.01100,64.18200,-0.16000,1.68000,-0.01778,0.18667,0,31.15000,stable,sintetico
0,18,31.03000,64.99000,0,31.00300,64.39100,0.00000,1.41000,0.00000,0.15667,0,31.04000,stable,sintetico
0,19,31.09000,64.62000,0,31.00900,64.49500,0.08000,1.28000,0.00889,0.14222,0,31.19000,stable,sintetico
1,9,30.88000,64.69000,1,30.60400,63.61000,0.24000,2.16000,0.02667,0.24000,10,32.36000,warm_slow,sintetico
1,10,30.98000,65.58000,1,30.63800,63.91500,0.32000,2.51000,0.03556,0.27889,10,32.61000,warm_slow,sintetico
1,11,30.90000,65.31000,1,30.66200,64.13900,0.39000,1.92000,0.04333,0.21333,10,32.52000,warm_slow,sintetico
1,12,30.85000,65.17000,1,30.69600,64.31700,0.25000,2.02000,0.02778,0.22444,10,32.78000,warm_slow,sintetico
1,13,30.74000,65.60000,1,30.71000,64.56200,0.25000,2.33000,0.02778,0.25889,10,32.82000,warm_slow,sintetico
1,14,30.78000,64.87000,1,30.73900,64.72200,0.30000,1.40000,0.03333,0.15556,10,33.05000,warm_slow,sintetico
1,15,30.72000,65.12000,1,30.76300,64.88700,0.18000,0.69000,0.02000,0.07667,10,33.01000,warm_slow,sintetico
1,16,30.88000,66.30000,1,30.79700,65.07400,0.30000,2.35000,0.03333,0.26111,10,33.02000,warm_slow,sintetico
1,17,31.29000,66.61000,1,30.86800,65.34000,0.63000,2.46000,0.07000,0.27333,10,33.06000,warm_slow,sintetico
1,18,31.23000,65.52000,1,30.92500,65.47700,0.35000,0.83000,0.03889,0.09222,10,33.29000,warm_slow,sintetico
1,19,31.32000,65.15000,1,30.96900,65.52300,0.34000,-0.43000,0.03778,-0.04778,10,33.42000,warm_slow,sintetico
2,9,30.00000,73.99000,1,28.98200,72.79700,1.87000,1.32000,0.20778,0.14667,10,34.70000,warm_fast,sintetico
2,10,30.06000,73.91000,1,29.17500,72.92100,1.66000,1.89000,0.18444,0.21000,10,34.83000,warm_fast,sintetico
2,11,30.04000,73.67000,1,29.33900,73.08600,1.48000,1.84000,0.16444,0.20444,10,34.96000,warm_fast,sintetico
2,12,30.24000,74.41000,1,29.50700,73.34400,1.56000,1.95000,0.17333,0.21667,10,35.29000,warm_fast,sintetico
2,13,30.31000,74.13000,1,29.67000,73.51100,1.40000,0.85000,0.15556,0.09444,10,35.42000,warm_fast,sintetico
2,14,30.21000,74.12000,1,29.80000,73.59500,1.16000,1.14000,0.12889,0.12667,10,35.62000,warm_fast,sintetico
2,15,30.25000,73.91000,1,29.92000,73.68800,1.07000,0.72000,0.11889,0.08000,10,35.57000,warm_fast,sintetico
2,16,30.30000,73.94000,1,30.03200,73.76300,0.93000,1.27000,0.10333,0.14111,10,35.94000,warm_fast,sintetico
2,17,30.25000,73.21000,1,30.12000,73.81700,0.71000,0.33000,0.07889,0.03667,10,36.20000,warm_fast,sintetico
2,18,30.66000,72.58000,1,30.23200,73.78700,0.66000,-1.41000,0.07333,-0.15667,10,36.35000,warm_fast,sintetico
2,19,30.69000,73.67000,1,30.30100,73.75500,0.63000,-0.24000,0.07000,-0.02667,10,36.47000,warm_fast,sintetico
3,9,33.10000,63.11000,1,33.27100,63.66400,0.02000,-1.29000,0.00222,-0.14333,10,31.23000,cool_slow,sintetico
3,10,33.22000,63.38000,1,33.28500,63.56200,-0.01000,-1.18000,-0.00111,-0.13111,10,30.89000,cool_slow,sintetico
3,11,33.07000,62.75000,1,33.26900,63.38100,-0.20000,-1.57000,-0.02222,-0.17444,10,30.77000,cool_slow,sintetico
3,12,33.02000,62.00000,1,33.24400,63.14900,-0.19000,-1.85000,-0.02111,-0.20556,10,30.80000,cool_slow,sintetico
3,13,32.88000,62.09000,1,33.21100,62.97300,-0.39000,-1.03000,-0.04333,-0.11444,10,30.83000,cool_slow,sintetico
3,14,32.96000,62.34000,1,33.18000,62.89500,-0.35000,-0.60000,-0.03889,-0.06667,10,30.83000,cool_slow,sintetico
3,15,32.62000,62.43000,1,33.11100,62.84400,-0.77000,-0.84000,-0.08556,-0.09333,10,30.75000,cool_slow,sintetico
3,16,32.57000,62.58000,1,33.02900,62.77500,-0.98000,-1.01000,-0.10889,-0.11222,10,30.79000,cool_slow,sintetico
3,17,32.70000,61.36000,1,32.94400,62.55200,-0.60000,-2.12000,-0.06667,-0.23556,10,30.79000,cool_slow,sintetico
3,18,32.57000,61.61000,1,32.87100,62.36500,-0.53000,-1.50000,-0.05889,-0.16667,10,30.72000,cool_slow,sintetico
3,19,32.32000,62.34000,1,32.79300,62.28800,-0.90000,-1.04000,-0.10000,-0.11556,10,30.42000,cool_slow,sintetico
4,9,23.69000,76.85000,0,24.24700,78.31100,-1.10000,-1.89000,-0.12222,-0.21000,0,20.00000,cool_fast,sintetico
4,10,23.31000,77.28000,0,24.09900,78.16500,-1.35000,-1.98000,-0.15000,-0.22000,0,20.00000,cool_fast,sintetico
4,11,23.08000,76.91000,0,23.94100,77.93000,-1.58000,-2.23000,-0.17556,-0.24778,0,20.00000,cool_fast,sintetico
4,12,22.79000,76.47000,0,23.75400,77.66300,-1.87000,-2.64000,-0.20778,-0.29333,0,20.00000,cool_fast,sintetico
4,13,22.68000,76.29000,0,23.55600,77.38100,-1.72000,-2.41000,-0.19111,-0.26778,0,20.00000,cool_fast,sintetico
4,14,22.56000,76.41000,0,23.37200,77.15200,-1.50000,-1.73000,-0.16667,-0.19222,0,20.00000,cool_fast,sintetico
4,15,22.56000,76.14000,0,23.22200,76.95200,-1.30000,-2.36000,-0.14444,-0.26222,0,20.00000,cool_fast,sintetico
4,16,22.22000,76.64000,0,23.05800,76.76600,-1.68000,-1.02000,-0.18667,-0.11333,0,20.00000,cool_fast,sintetico
4,17,22.02000,77.18000,0,22.87000,76.71800,-1.77000,0.17000,-0.19667,0.01889,0,20.00000,cool_fast,sintetico
4,18,21.91000,77.02000,0,22.68200,76.71900,-1.78000,0.17000,-0.19778,0.01889,0,20.00000,cool_fast,sintetico
4,19,21.79000,78.02000,0,22.49200,76.83600,-1.52000,0.74000,-0.16889,0.08222,0,20.00000,cool_fast,sintetico
5,9,22.25000,54.83000,0,22.18300,54.98600,0.08000,1.10000,0.00889,0.12222,0,22.01000,presence_in,sintetico
5,10,22.32000,54.54000,0,22.19800,55.06700,0.23000,0.32000,0.02556,0.03556,0,21.96000,presence_in,sintetico
5,11,22.46000,53.22000,0,22.23500,54.96700,0.18000,-0.47000,0.02000,-0.05222,0,22.05000,presence_in,sintetico
5,12,22.37000,52.29000,0,22.24400,54.82700,0.19000,-2.13000,0.02111,-0.23667,0,21.84000,presence_in,sintetico
5,13,22.27000,52.43000,1,22.25300,54.62800,0.12000,-2.77000,0.01333,-0.30778,1,21.77000,presence_in,sintetico
5,14,22.24000,52.29000,1,22.26200,54.33700,0.14000,-3.71000,0.01556,-0.41222,2,21.70000,presence_in,sintetico
5,15,22.23000,52.40000,1,22.27500,53.97700,0.11000,-3.74000,0.01222,-0.41556,3,21.76000,presence_in,sintetico
5,16,22.10000,52.79000,1,22.27300,53.64200,-0.20000,-3.15000,-0.02222,-0.35000,4,21.82000,presence_in,sintetico
5,17,22.18000,53.00000,1,22.26100,53.34800,-0.01000,-2.69000,-0.00111,-0.29889,5,21.88000,presence_in,sintetico
5,18,22.25000,53.16000,1,22.26700,53.09500,0.00000,-1.67000,0.00000,-0.18556,6,21.91000,presence_in,sintetico
5,19,22.49000,53.12000,1,22.29100,52.92400,0.17000,-1.42000,0.01889,-0.15778,7,21.96000,presence_in,sintetico
6,9,30.75000,76.21000,1,30.78000,77.30700,-0.05000,-1.62000,-0.00556,-0.18000,4,31.34000,presence_long,sintetico
6,10,30.82000,76.49000,1,30.78200,77.17300,0.07000,-1.36000,0.00778,-0.15111,5,31.23000,presence_long,sintetico
6,11,30.64000,76.88000,1,30.77100,77.07600,-0.14000,-0.63000,-0.01556,-0.07000,6,31.37000,presence_long,sintetico
6,12,30.88000,76.97000,1,30.78100,77.02200,0.04000,-0.25000,0.00444,-0.02778,7,31.24000,presence_long,sintetico
6,13,30.84000,76.90000,1,30.78100,76.99000,0.05000,-1.07000,0.00556,-0.11889,8,31.37000,presence_long,sintetico
6,14,30.92000,75.94000,1,30.79400,76.78700,0.26000,-0.70000,0.02889,-0.07778,9,31.26000,presence_long,sintetico
6,15,30.94000,75.73000,1,30.82200,76.69600,0.09000,-2.31000,0.01000,-0.25667,10,31.23000,presence_long,sintetico
6,16,31.16000,75.63000,1,30.85300,76.45500,0.35000,-1.35000,0.03889,-0.15000,10,31.23000,presence_long,sintetico
6,17,31.36000,75.03000,1,30.90800,76.26000,0.59000,-1.79000,0.06556,-0.19889,10,31.11000,presence_long,sintetico
6,18,31.43000,75.20000,1,30.97400,76.09800,0.68000,-1.01000,0.07556,-0.11222,10,31.08000,presence_long,sintetico
6,19,31.32000,75.30000,1,31.03100,76.00700,0.50000,-1.19000,0.05556,-0.13222,10,30.89000,presence_long,sintetico
7,9,30.92000,83.78000,0,31.02400,82.08800,-0.44000,3.96000,-0.04889,0.44000,0,31.50000,humidity_up,sintetico
7,10,31.04000,84.98000,0,30.99200,82.60400,-0.04000,5.43000,-0.00444,0.60333,0,31.40000,humidity_up,sintetico
7,11,30.92000,84.51000,0,30.97600,83.10000,-0.05000,3.61000,-0.00556,0.40111,0,31.44000,humidity_up,sintetico
7,12,30.93000,85.57000,0,30.97200,83.56700,-0.07000,3.70000,-0.00778,0.41111,0,31.59000,humidity_up,sintetico
7,13,31.15000,86.41000,0,30.98700,84.02100,0.28000,4.60000,0.03111,0.51111,0,31.58000,humidity_up,sintetico
7,14,31.10000,86.46000,0,31.01000,84.48600,0.18000,4.07000,0.02000,0.45222,0,31.54000,humidity_up,sintetico
7,15,31.10000,86.85000,0,31.02800,84.93200,0.11000,4.02000,0.01222,0.44667,0,31.51000,humidity_up,sintetico
7,16,30.98000,88.53000,0,31.02700,85.50200,-0.04000,5.06000,-0.00444,0.56222,0,31.55000,humidity_up,sintetico
7,17,31.19000,89.70000,0,31.04400,86.12500,0.08000,5.24000,0.00889,0.58222,0,31.47000,humidity_up,sintetico
7,18,31.08000,90.72000,0,31.04100,86.75100,0.16000,6.94000,0.01778,0.77111,0,31.42000,humidity_up,sintetico
7,19,31.16000,91.51000,0,31.06500,87.52400,0.12000,6.53000,0.01333,0.72556,0,31.45000,humidity_up,sintetico
8,9,23.76000,47.57000,1,23.82500,48.78600,-0.42000,-4.22000,-0.04667,-0.46889,10,23.12000,humidity_down,sintetico
8,10,23.76000,47.98000,1,23.78300,48.40500,-0.17000,-2.24000,-0.01889,-0.24889,10,23.14000,humidity_down,sintetico
8,11,23.75000,47.50000,1,23.76500,48.13300,-0.18000,-2.19000,-0.02000,-0.24333,10,23.33000,humidity_down,sintetico
8,12,23.80000,48.70000,1,23.75200,48.03400,-0.11000,-1.10000,-0.01222,-0.12222,10,23.57000,humidity_down,sintetico
8,13,23.90000,47.76000,1,23.75100,47.83000,0.31000,-1.71000,0.03444,-0.19000,10,23.42000,humidity_down,sintetico
8,14,24.01000,47.01000,1,23.79300,47.58400,0.23000,-1.29000,0.02556,-0.14333,10,23.29000,humidity_down,sintetico
8,15,23.96000,46.96000,1,23.81100,47.45000,0.22000,-0.38000,0.02444,-0.04222,10,23.34000,humidity_down,sintetico
8,16,23.96000,46.57000,1,23.83300,47.37300,0.33000,-0.04000,0.03667,-0.00444,10,23.26000,humidity_down,sintetico
8,17,23.96000,46.20000,1,23.86600,47.33200,0.16000,-0.87000,0.01778,-0.09667,10,23.40000,humidity_down,sintetico
8,18,24.01000,44.59000,1,23.88700,47.08400,0.25000,-2.98000,0.02778,-0.33111,10,23.47000,humidity_down,sintetico
8,19,24.09000,43.50000,1,23.92000,46.67700,0.33000,-4.48000,0.03667,-0.49778,10,23.24000,humidity_down,sintetico
9,9,34.02000,81.29000,1,33.65000,80.66600,0.81000,0.86000,0.09000,0.09556,10,33.79000,stable,sintetico
9,10,34.16000,81.45000,1,33.74500,80.76800,0.72000,1.12000,0.08000,0.12444,10,33.86000,stable,sintetico
9,11,34.12000,81.64000,1,33.81300,80.89900,0.63000,1.43000,0.07000,0.15889,10,33.90000,stable,sintetico
9,12,33.77000,81.85000,1,33.84100,81.06300,0.27000,1.64000,0.03000,0.18222,10,33.86000,stable,sintetico
9,13,33.33000,80.90000,1,33.82400,81.13200,-0.22000,0.05000,-0.02444,0.00556,10,33.90000,stable,sintetico
9,14,33.38000,81.16000,1,33.80700,81.16300,-0.37000,0.14000,-0.04111,0.01556,10,34.08000,stable,sintetico
9,15,33.24000,80.77000,1,33.75600,81.13800,-0.58000,0.38000,-0.06444,0.04222,10,33.88000,stable,sintetico
9,16,33.41000,80.50000,1,33.71500,81.14900,-0.40000,-0.41000,-0.04444,-0.04556,10,33.76000,stable,sintetico
9,17,33.68000,80.50000,1,33.70200,81.10800,-0.23000,-0.52000,-0.02556,-0.05778,10,33.72000,stable,sintetico
9,18,33.73000,81.39000,1,33.68400,81.14500,-0.29000,0.10000,-0.03222,0.01111,10,33.80000,stable,sintetico
9,19,33.74000,80.84000,1,33.65600,81.10000,-0.42000,-0.61000,-0.04667,-0.06778,10,33.84000,stable,sintetico
10,9,28.95000,75.01000,1,28.67800,74.42900,0.65000,1.85000,0.07222,0.20556,10,30.46000,warm_slow,sintetico
10,10,28.95000,75.39000,1,28.74300,74.65200,0.59000,1.58000,0.06556,0.17556,10,30.36000,warm_slow,sintetico
10,11,28.90000,75.71000,1,28.79700,74.84200,0.33000,1.71000,0.03667,0.19000,10,30.57000,warm_slow,sintetico
10,12,28.81000,75.68000,1,28.82100,75.01000,0.24000,1.33000,0.02667,0.14778,10,30.81000,warm_slow,sintetico
10,13,28.88000,77.10000,1,28.85200,75.28500,0.32000,2.67000,0.03556,0.29667,10,30.73000,warm_slow,sintetico
10,14,28.77000,77.99000,1,28.87300,75.64100,0.03000,3.79000,0.00333,0.42111,10,30.81000,warm_slow,sintetico
10,15,28.85000,78.30000,1,28.88400,76.05100,-0.05000,3.65000,-0.00556,0.40556,10,31.00000,warm_slow,sintetico
10,16,28.93000,78.63000,1,28.88700,76.44900,0.09000,3.36000,0.01000,0.37333,10,31.10000,warm_slow,sintetico
10,17,28.97000,79.50000,1,28.90000,76.87200,-0.02000,4.09000,-0.00222,0.45444,10,31.22000,warm_slow,sintetico
10,18,28.97000,80.21000,1,28.89800,77.35200,0.02000,5.20000,0.00222,0.57778,10,31.19000,warm_slow,sintetico
10,19,28.96000,80.25000,1,28.89900,77.87600,0.01000,4.86000,0.00111,0.54000,10,31.23000,warm_slow,sintetico
11,9,33.26000,51.31000,1,32.56800,51.44900,1.25000,0.66000,0.13889,0.07333,10,37.70000,warm_fast,sintetico
11,10,33.54000,51.95000,1,32.72100,51.57900,1.48000,1.37000,0.16444,0.15222,10,38.13000,warm_fast,sintetico
11,11,33.72000,52.56000,1,32.88700,51.77700,1.58000,1.14000,0.17556,0.12667,10,38.40000,warm_fast,sintetico
11,12,33.92000,52.33000,1,33.06500,51.86800,1.64000,0.12000,0.18222,0.01333,10,38.53000,warm_fast,sintetico
11,13,34.16000,52.47000,1,33.25300,51.89400,1.71000,0.16000,0.19000,0.01778,10,38.38000,warm_fast,sintetico
11,14,34.32000,53.36000,1,33.44000,51.99900,1.72000,0.97000,0.19111,0.10778,10,38.32000,warm_fast,sintetico
11,15,34.19000,52.67000,1,33.59900,52.02700,1.23000,1.47000,0.13667,0.16333,10,38.33000,warm_fast,sintetico
11,16,34.20000,52.55000,1,33.72300,52.16200,1.32000,1.57000,0.14667,0.17444,10,38.49000,warm_fast,sintetico
11,17,34.33000,51.80000,1,33.86800,52.24400,1.29000,0.36000,0.14333,0.04000,10,38.70000,warm_fast,sintetico
11,18,34.38000,51.40000,1,34.00200,52.24000,1.12000,0.09000,0.12444,0.01000,10,38.75000,warm_fast,sintetico
11,19,34.83000,52.47000,1,34.15900,52.35600,1.29000,0.52000,0.14333,0.05778,10,39.00000,warm_fast,sintetico
12,9,27.78000,78.74000,1,28.40500,77.64800,-0.95000,2.22000,-0.10556,0.24667,10,25.75000,cool_slow,sintetico
12,10,27.90000,78.23000,1,28.32200,77.81900,-0.78000,1.61000,-0.08667,0.17889,10,25.79000,cool_slow,sintetico
12,11,27.88000,77.75000,1,28.24200,77.93200,-0.64000,1.20000,-0.07111,0.13333,10,25.78000,cool_slow,sintetico
12,12,27.74000,78.09000,1,28.16400,78.08600,-0.79000,1.28000,-0.08778,0.14222,10,25.94000,cool_slow,sintetico
12,13,27.68000,78.97000,1,28.07900,78.30200,-0.98000,1.54000,-0.10889,0.17111,10,25.92000,cool_slow,sintetico
12,14,27.56000,79.44000,1,27.96900,78.50300,-0.92000,1.16000,-0.10222,0.12889,10,26.00000,cool_slow,sintetico
12,15,27.51000,79.80000,1,27.87200,78.65500,-0.84000,1.03000,-0.09333,0.11444,10,25.88000,cool_slow,sintetico
12,16,27.40000,79.69000,1,27.77700,78.74700,-0.90000,1.22000,-0.10000,0.13556,10,25.63000,cool_slow,sintetico
12,17,27.32000,79.15000,1,27.67900,78.81500,-0.70000,0.86000,-0.07778,0.09556,10,25.69000,cool_slow,sintetico
12,18,27.34000,79.43000,1,27.61100,78.92900,-0.44000,0.69000,-0.04889,0.07667,10,25.43000,cool_slow,sintetico
12,19,27.35000,80.19000,1,27.56800,79.07400,-0.55000,1.96000,-0.06111,0.21778,10,25.46000,cool_slow,sintetico
13,9,22.10000,83.14000,0,22.64800,83.78300,-0.93000,0.10000,-0.10333,0.01111,0,20.11000,cool_fast,sintetico
13,10,21.98000,84.11000,0,22.54300,83.89000,-1.12000,0.89000,-0.12444,0.09889,0,20.10000,cool_fast,sintetico
13,11,21.88000,83.82000,0,22.42100,83.95000,-1.14000,-0.81000,-0.12667,-0.09000,0,20.00000,cool_fast,sintetico
13,12,21.66000,83.52000,0,22.28500,83.83900,-1.17000,-0.59000,-0.13000,-0.06556,0,20.00000,cool_fast,sintetico
13,13,21.47000,83.23000,0,22.14900,83.75100,-1.25000,-1.04000,-0.13889,-0.11556,0,20.00000,cool_fast,sintetico
13,14,21.42000,82.20000,0,22.01900,83.54400,-1.08000,-1.42000,-0.12000,-0.15778,0,20.00000,cool_fast,sintetico
13,15,21.36000,81.91000,0,21.90500,83.37300,-1.26000,-1.81000,-0.14000,-0.20111,0,20.01000,cool_fast,sintetico
13,16,21.25000,81.21000,0,21.76800,83.12200,-1.12000,-2.94000,-0.12444,-0.32667,0,20.00000,cool_fast,sintetico
13,17,21.25000,81.81000,0,21.65600,82.88800,-0.94000,-2.12000,-0.10444,-0.23556,0,20.00000,cool_fast,sintetico
13,18,21.20000,80.90000,0,21.55700,82.58500,-0.90000,-2.24000,-0.10000,-0.24889,0,20.00000,cool_fast,sintetico
13,19,21.14000,81.04000,0,21.46100,82.37500,-0.84000,-3.07000,-0.09333,-0.34111,0,20.00000,cool_fast,sintetico
14,9,27.87000,66.43000,0,27.72200,65.84000,-0.05000,2.27000,-0.00556,0.25222,0,28.57000,presence_in,sintetico
14,10,28.15000,66.48000,0,27.74500,66.07200,0.38000,1.71000,0.04222,0.19000,0,28.48000,presence_in,sintetico
14,11,28.36000,66.68000,0,27.80400,66.26300,0.67000,1.71000,0.07444,0.19000,0,28.44000,presence_in,sintetico
14,12,28.48000,66.28000,0,27.88300,66.39400,0.96000,0.52000,0.10667,0.05778,0,28.29000,presence_in,sintetico
14,13,28.38000,66.53000,1,27.96900,66.47100,0.87000,0.61000,0.09667,0.06778,1,28.26000,presence_in,sintetico
14,14,28.49000,66.55000,1,28.06700,66.53400,0.71000,-0.21000,0.07889,-0.02333,2,28.21000,presence_in,sintetico
14,15,28.34000,65.80000,1,28.12300,66.43800,0.59000,-0.63000,0.06556,-0.07000,3,28.36000,presence_in,sintetico
14,16,28.17000,64.83000,1,28.16500,66.27800,0.46000,-1.88000,0.05111,-0.20889,4,28.10000,presence_in,sintetico
14,17,28.18000,65.45000,1,28.21200,66.15200,0.48000,-1.04000,0.05333,-0.11556,5,28.17000,presence_in,sintetico
14,18,28.18000,64.21000,1,28.26000,65.92400,0.31000,-2.22000,0.03444,-0.24667,6,28.28000,presence_in,sintetico
14,19,28.16000,64.12000,1,28.28900,65.69300,0.01000,-2.36000,0.00111,-0.26222,7,28.53000,presence_in,sintetico
15,9,30.91000,79.28000,1,31.28000,79.62400,-0.49000,-0.47000,-0.05444,-0.05222,4,30.62000,presence_long,sintetico
15,10,31.00000,79.20000,1,31.24000,79.56900,-0.37000,-1.01000,-0.04111,-0.11222,5,30.66000,presence_long,sintetico
15,11,30.96000,79.27000,1,31.19900,79.47500,-0.44000,-0.88000,-0.04889,-0.09778,6,30.73000,presence_long,sintetico
15,12,30.86000,78.64000,1,31.14500,79.32400,-0.71000,-1.38000,-0.07889,-0.15333,7,30.82000,presence_long,sintetico
15,13,30.75000,78.29000,1,31.06300,79.15100,-0.60000,-1.29000,-0.06667,-0.14333,8,30.85000,presence_long,sintetico
15,14,30.61000,78.38000,1,30.98900,79.03100,-0.81000,-1.42000,-0.09000,-0.15778,9,30.56000,presence_long,sintetico
15,15,30.69000,77.51000,1,30.91600,78.80200,-0.54000,-1.89000,-0.06000,-0.21000,10,30.61000,presence_long,sintetico
15,16,30.70000,77.39000,1,30.86300,78.60100,-0.46000,-1.81000,-0.05111,-0.20111,10,30.46000,presence_long,sintetico
15,17,30.74000,77.38000,1,30.82100,78.41900,-0.25000,-1.47000,-0.02778,-0.16333,10,30.48000,presence_long,sintetico
15,18,30.56000,76.69000,1,30.77800,78.20300,-0.35000,-2.59000,-0.03889,-0.28778,10,30.51000,presence_long,sintetico
15,19,30.57000,77.25000,1,30.74400,78.00000,-0.43000,-1.95000,-0.04778,-0.21667,10,30.30000,presence_long,sintetico
16,9,32.44000,71.11000,1,32.66400,67.14200,-0.14000,5.79000,-0.01556,0.64333,10,31.79000,humidity_up,sintetico
16,10,32.31000,71.61000,1,32.63700,67.77100,-0.35000,6.56000,-0.03889,0.72889,10,31.62000,humidity_up,sintetico
16,11,32.53000,72.81000,1,32.62400,68.54700,-0.13000,7.28000,-0.01444,0.80889,10,31.85000,humidity_up,sintetico
16,12,32.44000,73.48000,1,32.60200,69.34200,-0.37000,7.49000,-0.04111,0.83222,10,31.86000,humidity_up,sintetico
16,13,32.44000,74.19000,1,32.56500,70.16200,-0.28000,7.93000,-0.03111,0.88111,10,31.80000,humidity_up,sintetico
16,14,32.36000,74.69000,1,32.52900,71.00500,-0.51000,7.59000,-0.05667,0.84333,10,31.80000,humidity_up,sintetico
16,15,32.17000,75.31000,1,32.45900,71.82600,-0.66000,7.79000,-0.07333,0.86556,10,31.80000,humidity_up,sintetico
16,16,32.22000,75.74000,1,32.39800,72.64800,-0.42000,7.45000,-0.04667,0.82778,10,31.63000,humidity_up,sintetico
16,17,32.03000,76.83000,1,32.33700,73.50200,-0.40000,7.58000,-0.04444,0.84222,10,31.74000,humidity_up,sintetico
16,18,32.07000,76.98000,1,32.30100,74.27500,-0.37000,5.87000,-0.04111,0.65222,10,31.71000,humidity_up,sintetico
16,19,32.04000,76.71000,1,32.26100,74.83500,-0.27000,5.10000,-0.03000,0.56667,10,31.73000,humidity_up,sintetico
17,9,24.97000,72.16000,1,24.84600,75.35400,0.17000,-6.34000,0.01889,-0.70444,10,25.31000,humidity_down,sintetico
17,10,24.84000,71.03000,1,24.85000,74.60700,0.13000,-6.60000,0.01444,-0.73333,10,25.38000,humidity_down,sintetico
17,11,24.83000,69.81000,1,24.86200,73.82500,0.09000,-7.00000,0.01000,-0.77778,10,25.46000,humidity_down,sintetico
17,12,24.93000,68.76000,1,24.88100,73.02000,0.08000,-7.08000,0.00889,-0.78667,10,25.65000,humidity_down,sintetico
17,13,25.27000,67.96000,1,24.92300,72.23200,0.49000,-6.97000,0.05444,-0.77444,10,25.62000,humidity_down,sintetico
17,14,25.27000,66.70000,1,24.97200,71.40900,0.56000,-8.28000,0.06222,-0.92000,10,25.63000,humidity_down,sintetico
17,15,25.48000,66.76000,1,25.04900,70.58700,0.70000,-8.61000,0.07778,-0.95667,10,25.68000,humidity_down,sintetico
17,16,25.51000,65.47000,1,25.12200,69.59700,0.45000,-8.79000,0.05000,-0.97667,10,25.69000,humidity_down,sintetico
17,17,25.54000,64.31000,1,25.17000,68.60200,0.48000,-8.75000,0.05333,-0.97222,10,25.66000,humidity_down,sintetico
17,18,25.72000,64.20000,1,25.23600,67.71600,0.75000,-7.96000,0.08333,-0.88444,10,25.55000,humidity_down,sintetico
17,19,25.73000,62.31000,1,25.31200,66.73100,0.89000,-8.72000,0.09889,-0.96889,10,25.55000,humidity_down,sintetico
18,9,32.42000,62.58000,0,32.18600,62.62000,0.21000,0.34000,0.02333,0.03778,0,31.36000,stable,sintetico
18,10,32.39000,62.95000,0,32.20400,62.69100,0.23000,0.35000,0.02556,0.03889,0,31.29000,stable,sintetico
18,11,32.35000,63.08000,0,32.22300,62.73900,0.26000,0.35000,0.02889,0.03889,0,31.40000,stable,sintetico
18,12,32.45000,62.77000,0,32.25900,62.74300,0.40000,-0.33000,0.04444,-0.03667,0,31.19000,stable,sintetico
18,13,32.38000,62.11000,0,32.29200,62.64400,0.27000,-0.61000,0.03000,-0.06778,0,31.09000,stable,sintetico
18,14,32.25000,61.11000,0,32.30600,62.48300,0.16000,-2.18000,0.01778,-0.24222,0,30.93000,stable,sintetico
18,15,32.34000,62.10000,0,32.33100,62.36400,0.20000,-0.42000,0.02222,-0.04667,0,30.92000,stable,sintetico
18,16,32.51000,61.21000,0,32.36800,62.23300,0.30000,-0.72000,0.03333,-0.08000,0,30.84000,stable,sintetico
18,17,32.60000,61.99000,0,32.40700,62.23900,0.22000,-0.50000,0.02444,-0.05556,0,30.69000,stable,sintetico
18,18,32.54000,62.04000,0,32.42300,62.19400,0.12000,-0.54000,0.01333,-0.06000,0,30.54000,stable,sintetico
18,19,32.30000,62.19000,0,32.41100,62.15500,-0.09000,-0.76000,-0.01000,-0.08444,0,30.49000,stable,sintetico
19,9,30.41000,58.45000,0,30.20200,58.88000,0.36000,-1.32000,0.04000,-0.14667,0,31.93000,warm_slow,sintetico
19,10,30.42000,58.97000,0,30.23900,58.80000,0.31000,-1.01000,0.03444,-0.11222,0,32.01000,warm_slow,sintetico
19,11,30.45000,58.88000,0,30.27300,58.69000,0.49000,-0.83000,0.05444,-0.09222,0,32.23000,warm_slow,sintetico
19,12,30.52000,59.90000,0,30.32900,58.70900,0.47000,0.68000,0.05222,0.07556,0,32.37000,warm_slow,sintetico
19,13,30.42000,60.40000,0,30.36600,58.82700,0.21000,1.76000,0.02333,0.19556,0,32.44000,warm_slow,sintetico
19,14,30.25000,60.60000,0,30.37000,59.02300,0.01000,2.20000,0.00111,0.24444,0,32.45000,warm_slow,sintetico
19,15,30.50000,60.95000,0,30.39600,59.27800,0.18000,2.82000,0.02000,0.31333,0,32.39000,warm_slow,sintetico
19,16,30.58000,60.72000,0,30.42200,59.53700,0.23000,2.64000,0.02556,0.29333,0,32.56000,warm_slow,sintetico
19,17,30.65000,60.66000,0,30.45200,59.79500,0.33000,2.24000,0.03667,0.24889,0,32.85000,warm_slow,sintetico
19,18,30.61000,60.58000,0,30.48100,60.01100,0.20000,2.13000,0.02222,0.23667,0,32.74000,warm_slow,sintetico
19,19,30.69000,60.24000,0,30.50900,60.19000,0.27000,1.27000,0.03000,0.14111,0,32.88000,warm_slow,sintetico
20,9,34.52000,59.56000,1,33.78100,59.24400,1.71000,0.14000,0.19000,0.01556,10,39.37000,warm_fast,sintetico
20,10,34.51000,58.55000,1,33.95100,59.15700,1.19000,-1.15000,0.13222,-0.12778,10,39.81000,warm_fast,sintetico
20,11,34.64000,58.66000,1,34.08300,59.05300,1.09000,-0.85000,0.12111,-0.09444,10,40.00000,warm_fast,sintetico
20,12,34.65000,58.73000,1,34.19300,58.97500,1.16000,-0.53000,0.12889,-0.05889,10,40.00000,warm_fast,sintetico
20,13,34.81000,57.62000,1,34.32500,58.81100,1.29000,-0.93000,0.14333,-0.10333,10,40.00000,warm_fast,sintetico
20,14,34.86000,57.92000,1,34.45900,58.74800,0.97000,-0.86000,0.10778,-0.09556,10,40.00000,warm_fast,sintetico
20,15,35.07000,57.37000,1,34.57700,58.60700,0.98000,-1.32000,0.10889,-0.14667,10,40.00000,warm_fast,sintetico
20,16,35.25000,58.01000,1,34.69300,58.53900,1.02000,-1.29000,0.11333,-0.14333,10,40.00000,warm_fast,sintetico
20,17,35.50000,58.04000,1,34.82000,58.41300,1.11000,-1.63000,0.12333,-0.18111,10,40.00000,warm_fast,sintetico
20,18,35.61000,57.77000,1,34.94200,58.22300,1.09000,-1.79000,0.12111,-0.19889,10,40.00000,warm_fast,sintetico
20,19,35.82000,57.96000,1,35.07200,58.06300,1.31000,-0.59000,0.14556,-0.06556,10,40.00000,warm_fast,sintetico
21,9,28.82000,50.90000,0,29.36200,50.67500,-0.95000,1.11000,-0.10556,0.12333,0,26.36000,cool_slow,sintetico
21,10,28.61000,51.00000,0,29.24600,50.79600,-1.17000,1.11000,-0.13000,0.12333,0,26.49000,cool_slow,sintetico
21,11,28.56000,51.18000,0,29.12400,50.92500,-1.06000,0.99000,-0.11778,0.11000,0,26.30000,cool_slow,sintetico
21,12,28.56000,51.44000,0,29.01800,51.05000,-0.91000,1.62000,-0.10111,0.18000,0,26.23000,cool_slow,sintetico
21,13,28.45000,52.52000,0,28.91600,51.32000,-0.85000,2.07000,-0.09444,0.23000,0,26.14000,cool_slow,sintetico
21,14,28.42000,51.42000,0,28.82800,51.41700,-0.89000,0.71000,-0.09889,0.07889,0,25.98000,cool_slow,sintetico
21,15,28.24000,50.38000,0,28.72100,51.38400,-1.16000,-1.79000,-0.12889,-0.19889,0,26.03000,cool_slow,sintetico
21,16,28.18000,50.23000,0,28.59900,51.19000,-0.96000,-1.46000,-0.10667,-0.16222,0,25.90000,cool_slow,sintetico
21,17,28.07000,51.26000,0,28.49200,51.14700,-0.94000,0.12000,-0.10444,0.01333,0,25.75000,cool_slow,sintetico
21,18,28.07000,51.58000,0,28.39800,51.19100,-0.75000,0.68000,-0.08333,0.07556,0,25.83000,cool_slow,sintetico
21,19,27.90000,50.95000,0,28.30600,51.19600,-0.71000,-0.05000,-0.07889,-0.00556,0,25.76000,cool_slow,sintetico
22,9,26.18000,59.83000,0,26.90500,61.84600,-1.53000,-2.67000,-0.17000,-0.29667,0,22.40000,cool_fast,sintetico
22,10,25.87000,60.78000,0,26.72100,61.67400,-1.81000,-1.94000,-0.20111,-0.21556,0,22.58000,cool_fast,sintetico
22,11,25.64000,59.61000,0,26.51700,61.36300,-1.60000,-2.60000,-0.17778,-0.28889,0,22.54000,cool_fast,sintetico
22,12,25.63000,59.54000,0,26.35600,61.09600,-1.46000,-2.49000,-0.16222,-0.27667,0,22.56000,cool_fast,sintetico
22,13,25.61000,59.61000,0,26.20800,60.85400,-1.38000,-2.77000,-0.15333,-0.30778,0,22.15000,cool_fast,sintetico
22,14,25.50000,59.73000,0,26.05900,60.58900,-1.40000,-2.45000,-0.15556,-0.27222,0,22.09000,cool_fast,sintetico
22,15,25.42000,60.90000,0,25.91100,60.46100,-1.10000,-0.95000,-0.12222,-0.10556,0,21.91000,cool_fast,sintetico
22,16,25.38000,59.95000,0,25.79700,60.27100,-1.03000,-1.22000,-0.11444,-0.13556,0,21.93000,cool_fast,sintetico
22,17,25.27000,60.50000,0,25.68300,60.20400,-1.06000,-1.09000,-0.11778,-0.12111,0,21.85000,cool_fast,sintetico
22,18,25.26000,60.19000,0,25.57600,60.06400,-0.92000,0.36000,-0.10222,0.04000,0,21.68000,cool_fast,sintetico
22,19,25.24000,60.62000,0,25.48200,60.14300,-0.63000,-0.16000,-0.07000,-0.01778,0,21.38000,cool_fast,sintetico
23,9,29.17000,57.53000,0,29.13300,58.04100,0.35000,-0.23000,0.03889,-0.02556,0,27.51000,presence_in,sintetico
23,10,29.17000,57.48000,0,29.16800,58.01300,0.17000,0.27000,0.01889,0.03000,0,27.63000,presence_in,sintetico
23,11,29.14000,57.92000,0,29.18200,58.08400,0.18000,0.44000,0.02000,0.04889,0,27.64000,presence_in,sintetico
23,12,28.95000,57.63000,0,29.18100,58.09900,-0.32000,-0.66000,-0.03556,-0.07333,0,27.52000,presence_in,sintetico
23,13,29.04000,57.29000,1,29.15800,57.99900,-0.36000,-0.79000,-0.04000,-0.08778,1,27.62000,presence_in,sintetico
23,14,28.84000,57.66000,1,29.10200,57.95700,-0.45000,-0.85000,-0.05000,-0.09444,2,27.58000,presence_in,sintetico
23,15,28.98000,57.64000,1,29.07100,57.87000,-0.18000,-0.74000,-0.02000,-0.08222,3,27.67000,presence_in,sintetico
23,16,28.74000,58.03000,1,29.02900,57.83500,-0.41000,-1.23000,-0.04556,-0.13667,4,27.60000,presence_in,sintetico
23,17,28.54000,58.20000,1,28.96800,57.72900,-0.57000,0.29000,-0.06333,0.03222,5,27.67000,presence_in,sintetico
23,18,28.44000,57.56000,1,28.90100,57.69400,-0.73000,0.03000,-0.08111,0.00333,6,27.62000,presence_in,sintetico
23,19,28.38000,57.46000,1,28.82200,57.68700,-0.79000,-0.02000,-0.08778,-0.00222,7,27.74000,presence_in,sintetico
24,9,23.22000,48.25000,1,23.19100,48.08700,-0.06000,-0.54000,-0.00667,-0.06000,4,23.63000,presence_long,sintetico
24,10,23.11000,48.37000,1,23.17400,48.04500,-0.02000,-0.03000,-0.00222,-0.00333,5,23.68000,presence_long,sintetico
24,11,23.11000,48.31000,1,23.17200,48.03600,0.07000,0.15000,0.00778,0.01667,6,23.77000,presence_long,sintetico
24,12,23.09000,48.37000,1,23.17700,48.05700,-0.11000,-0.15000,-0.01222,-0.01667,7,23.71000,presence_long,sintetico
24,13,23.19000,49.13000,1,23.17600,48.11800,-0.01000,0.86000,-0.00111,0.09556,8,23.96000,presence_long,sintetico
24,14,23.19000,49.58000,1,23.17500,48.24900,0.04000,1.13000,0.00444,0.12556,9,24.02000,presence_long,sintetico
24,15,23.11000,50.00000,1,23.17100,48.40400,-0.11000,2.05000,-0.01222,0.22778,10,24.00000,presence_long,sintetico
24,16,23.02000,50.60000,1,23.15100,48.66900,-0.20000,3.77000,-0.02222,0.41889,10,23.75000,presence_long,sintetico
24,17,23.28000,50.53000,1,23.15700,49.03900,0.03000,3.28000,0.00333,0.36444,10,23.71000,presence_long,sintetico
24,18,23.02000,50.23000,1,23.13400,49.33700,-0.20000,1.98000,-0.02222,0.22000,10,23.81000,presence_long,sintetico
24,19,23.17000,50.54000,1,23.12900,49.56600,0.06000,2.17000,0.00667,0.24111,10,23.99000,presence_long,sintetico
25,9,33.04000,90.30000,0,32.79700,87.59200,0.31000,5.74000,0.03444,0.63778,0,34.05000,humidity_up,sintetico
25,10,33.08000,91.10000,0,32.83200,88.24600,0.46000,5.88000,0.05111,0.65333,0,33.93000,humidity_up,sintetico
25,11,33.20000,91.70000,0,32.89000,88.89400,0.53000,6.93000,0.05889,0.77000,0,33.91000,humidity_up,sintetico
25,12,33.37000,92.42000,0,32.96000,89.65900,0.64000,5.85000,0.07111,0.65000,0,33.85000,humidity_up,sintetico
25,13,33.44000,92.51000,0,33.03100,90.25300,0.64000,4.58000,0.07111,0.50889,0,34.14000,humidity_up,sintetico
25,14,33.70000,93.32000,0,33.12100,90.79200,0.87000,4.88000,0.09667,0.54222,0,33.91000,humidity_up,sintetico
25,15,33.79000,92.98000,0,33.21700,91.24600,0.92000,4.44000,0.10222,0.49333,0,33.81000,humidity_up,sintetico
25,16,33.69000,94.21000,0,33.29900,91.81300,0.93000,4.42000,0.10333,0.49111,0,33.74000,humidity_up,sintetico
25,17,33.72000,93.71000,0,33.39500,92.20500,0.80000,3.91000,0.08889,0.43444,0,33.63000,humidity_up,sintetico
25,18,33.85000,93.96000,0,33.48800,92.62100,0.81000,3.66000,0.09000,0.40667,0,33.68000,humidity_up,sintetico
25,19,34.02000,94.46000,0,33.58600,93.03700,0.94000,3.36000,0.10444,0.37333,0,33.60000,humidity_up,sintetico
26,9,30.90000,71.74000,0,30.90900,73.96500,0.06000,-3.95000,0.00667,-0.43889,0,31.40000,humidity_down,sintetico
26,10,30.69000,71.06000,0,30.89400,73.50200,-0.15000,-3.72000,-0.01667,-0.41333,0,31.52000,humidity_down,sintetico
26,11,30.85000,69.46000,0,30.89500,72.97000,-0.07000,-5.56000,-0.00778,-0.61778,0,31.50000,humidity_down,sintetico
26,12,30.69000,68.34000,0,30.87200,72.30200,-0.18000,-6.40000,-0.02000,-0.71111,0,31.55000,humidity_down,sintetico
26,13,30.68000,67.59000,0,30.85300,71.58700,-0.16000,-6.80000,-0.01778,-0.75556,0,31.36000,humidity_down,sintetico
26,14,30.85000,67.57000,0,30.85400,70.90500,-0.18000,-6.55000,-0.02000,-0.72778,0,31.49000,humidity_down,sintetico
26,15,30.91000,67.10000,0,30.84200,70.20300,0.10000,-6.72000,0.01111,-0.74667,0,31.56000,humidity_down,sintetico
26,16,30.96000,66.07000,0,30.85700,69.42800,0.00000,-7.07000,0.00000,-0.78556,0,31.65000,humidity_down,sintetico
26,17,31.06000,64.91000,0,30.86700,68.60500,-0.02000,-7.30000,-0.00222,-0.81111,0,31.57000,humidity_down,sintetico
26,18,31.16000,65.01000,0,30.87500,67.88500,0.26000,-6.73000,0.02889,-0.74778,0,31.51000,humidity_down,sintetico
26,19,31.19000,64.37000,0,30.90400,67.14800,0.50000,-6.69000,0.05556,-0.74333,0,31.44000,humidity_down,sintetico
27,9,31.38000,55.41000,0,31.14700,55.13600,0.44000,1.11000,0.04889,0.12333,0,31.76000,stable,sintetico
27,10,31.31000,55.16000,0,31.18400,55.22200,0.26000,0.54000,0.02889,0.06000,0,31.85000,stable,sintetico
27,11,31.49000,55.10000,0,31.22800,55.27000,0.47000,0.57000,0.05222,0.06333,0,31.84000,stable,sintetico
27,12,31.40000,54.82000,0,31.26600,55.29900,0.43000,-1.16000,0.04778,-0.12889,0,32.00000,stable,sintetico
27,13,31.53000,55.19000,0,31.32200,55.22000,0.49000,-0.53000,0.05444,-0.05889,0,31.90000,stable,sintetico
27,14,31.59000,55.05000,0,31.37700,55.15300,0.50000,-0.12000,0.05556,-0.01333,0,31.89000,stable,sintetico
27,15,31.66000,54.70000,0,31.43400,55.10600,0.39000,-0.10000,0.04333,-0.01111,0,31.85000,stable,sintetico
27,16,31.63000,55.23000,0,31.47000,55.14900,0.30000,-0.16000,0.03333,-0.01778,0,31.68000,stable,sintetico
27,17,31.74000,54.69000,0,31.51100,55.07900,0.36000,-0.75000,0.04000,-0.08333,0,31.58000,stable,sintetico
27,18,31.63000,54.75000,0,31.53600,55.01000,0.25000,-0.66000,0.02778,-0.07333,0,31.45000,stable,sintetico
27,19,31.84000,53.70000,0,31.58200,54.83900,0.53000,-1.46000,0.05889,-0.16222,0,31.51000,stable,sintetico
28,9,32.85000,70.96000,1,32.51500,70.98100,0.29000,-0.20000,0.03222,-0.02222,10,35.31000,warm_slow,sintetico
28,10,32.96000,70.99000,1,32.55500,70.96400,0.57000,-0.32000,0.06333,-0.03556,10,35.46000,warm_slow,sintetico
28,11,32.94000,70.70000,1,32.61000,70.90300,0.75000,0.04000,0.08333,0.00444,10,35.22000,warm_slow,sintetico
28,12,32.85000,71.32000,1,32.67600,70.96900,0.67000,1.04000,0.07444,0.11556,10,35.16000,warm_slow,sintetico
28,13,32.92000,70.92000,1,32.75000,71.03300,0.63000,0.39000,0.07000,0.04333,10,35.23000,warm_slow,sintetico
28,14,33.08000,70.70000,1,32.82900,71.05000,0.62000,-0.32000,0.06889,-0.03556,10,35.52000,warm_slow,sintetico
28,15,32.97000,71.34000,1,32.88000,71.08200,0.32000,0.24000,0.03556,0.02667,10,35.58000,warm_slow,sintetico
28,16,32.96000,71.19000,1,32.91100,71.09100,0.21000,-0.27000,0.02333,-0.03000,10,35.55000,warm_slow,sintetico
28,17,33.03000,71.90000,1,32.93900,71.13500,0.20000,0.57000,0.02222,0.06333,10,35.42000,warm_slow,sintetico
28,18,33.09000,71.32000,1,32.96500,71.13400,0.24000,0.36000,0.02667,0.04000,10,35.40000,warm_slow,sintetico
28,19,33.22000,71.14000,1,33.00200,71.15200,0.26000,0.15000,0.02889,0.01667,10,35.45000,warm_slow,sintetico
29,9,32.17000,59.96000,0,30.86700,59.72400,2.45000,-0.37000,0.27222,-0.04111,0,37.36000,warm_fast,sintetico
29,10,32.62000,59.77000,0,31.15700,59.66800,2.71000,-0.21000,0.30111,-0.02333,0,37.51000,warm_fast,sintetico
29,11,32.68000,59.19000,0,31.43400,59.58900,2.62000,-0.54000,0.29111,-0.06000,0,37.53000,warm_fast,sintetico
29,12,33.12000,59.72000,0,31.74000,59.58800,2.62000,-0.04000,0.29111,-0.00444,0,37.64000,warm_fast,sintetico
29,13,33.24000,60.49000,0,32.01400,59.66100,2.40000,0.76000,0.26667,0.08444,0,37.76000,warm_fast,sintetico
29,14,33.49000,61.65000,0,32.27900,59.85300,2.46000,2.57000,0.27333,0.28556,0,37.94000,warm_fast,sintetico
29,15,33.46000,61.58000,0,32.52200,60.10300,2.32000,2.30000,0.25778,0.25556,0,38.12000,warm_fast,sintetico
29,16,33.57000,60.58000,0,32.76500,60.23300,2.08000,1.10000,0.23111,0.12222,0,38.28000,warm_fast,sintetico
29,17,33.85000,60.51000,0,33.00100,60.33600,2.04000,0.60000,0.22667,0.06667,0,38.50000,warm_fast,sintetico
29,18,34.10000,61.89000,0,33.23000,60.53400,1.93000,1.93000,0.21444,0.21444,0,38.56000,warm_fast,sintetico
29,19,34.22000,61.73000,0,33.43500,60.71100,1.60000,1.96000,0.17778,0.21778,0,38.74000,warm_fast,sintetico
30,9,30.06000,76.29000,0,30.03900,77.72800,-0.42000,-2.02000,-0.04667,-0.22444,0,29.17000,cool_slow,sintetico
30,10,30.16000,75.85000,0,30.00700,77.48200,-0.11000,-2.95000,-0.01222,-0.32778,0,29.43000,cool_slow,sintetico
30,11,30.34000,76.09000,0,30.01400,77.21100,0.19000,-2.03000,0.02111,-0.22556,0,29.19000,cool_slow,sintetico
30,12,30.16000,75.73000,0,30.01500,76.97200,0.04000,-2.02000,0.00444,-0.22444,0,29.12000,cool_slow,sintetico
30,13,30.20000,76.22000,0,30.02300,76.81900,0.20000,-1.85000,0.02222,-0.20556,0,29.13000,cool_slow,sintetico
30,14,30.13000,76.17000,0,30.03600,76.62900,0.33000,-1.33000,0.03667,-0.14778,0,28.99000,cool_slow,sintetico
30,15,30.16000,76.16000,0,30.07200,76.49500,0.40000,-1.79000,0.04444,-0.19889,0,28.83000,cool_slow,sintetico
30,16,29.94000,75.63000,0,30.09000,76.26300,0.09000,-1.87000,0.01000,-0.20778,0,28.66000,cool_slow,sintetico
30,17,29.91000,76.22000,0,30.09600,76.13500,0.01000,-0.77000,0.00111,-0.08556,0,28.73000,cool_slow,sintetico
30,18,30.05000,76.57000,0,30.11100,76.09300,-0.01000,0.28000,-0.00111,0.03111,0,28.78000,cool_slow,sintetico
30,19,30.02000,76.90000,0,30.10700,76.15400,-0.14000,1.05000,-0.01556,0.11667,0,28.82000,cool_slow,sintetico
31,9,26.50000,52.20000,0,27.53900,53.70100,-2.05000,-3.77000,-0.22778,-0.41889,0,22.31000,cool_fast,sintetico
31,10,26.46000,51.89000,0,27.33000,53.29300,-1.81000,-3.17000,-0.20111,-0.35222,0,22.04000,cool_fast,sintetico
31,11,26.23000,52.45000,0,27.12600,53.03200,-1.80000,-2.84000,-0.20000,-0.31556,0,21.90000,cool_fast,sintetico
31,12,26.04000,52.98000,0,26.92700,52.80100,-1.91000,-1.48000,-0.21222,-0.16444,0,21.78000,cool_fast,sintetico
31,13,25.93000,52.71000,0,26.72500,52.62600,-1.74000,-1.27000,-0.19333,-0.14111,0,21.56000,cool_fast,sintetico
31,14,25.83000,52.81000,0,26.54100,52.50900,-1.64000,-0.34000,-0.18222,-0.03778,0,21.07000,cool_fast,sintetico
31,15,25.79000,52.42000,0,26.37300,52.43600,-1.35000,-0.20000,-0.15000,-0.02222,0,20.87000,cool_fast,sintetico
31,16,25.63000,52.31000,0,26.22200,52.40500,-1.36000,0.42000,-0.15111,0.04667,0,20.84000,cool_fast,sintetico
31,17,25.56000,51.67000,0,26.07900,52.38300,-1.26000,-0.72000,-0.14000,-0.08000,0,20.66000,cool_fast,sintetico
31,18,25.52000,51.84000,0,25.94900,52.32800,-0.98000,-0.36000,-0.10889,-0.04000,0,20.27000,cool_fast,sintetico
31,19,25.20000,52.43000,0,25.81900,52.35100,-1.26000,0.54000,-0.14000,0.06000,0,20.22000,cool_fast,sintetico
32,9,26.84000,65.33000,1,26.68800,65.71600,0.47000,-1.79000,0.05222,-0.19889,10,27.00000,presence_in,sintetico
32,10,27.08000,65.85000,1,26.75900,65.58900,0.56000,-0.86000,0.06222,-0.09556,10,26.73000,presence_in,sintetico
32,11,27.20000,67.55000,1,26.82700,65.67300,0.55000,1.59000,0.06111,0.17667,10,26.62000,presence_in,sintetico
32,12,27.26000,67.81000,1,26.88800,65.85800,0.49000,2.07000,0.05444,0.23000,10,26.47000,presence_in,sintetico
32,13,27.35000,67.26000,1,26.94600,66.01000,0.70000,1.64000,0.07778,0.18222,10,26.43000,presence_in,sintetico
32,14,27.29000,66.98000,1,27.01000,66.14600,0.61000,1.63000,0.06778,0.18111,10,26.45000,presence_in,sintetico
32,15,27.37000,66.88000,1,27.07900,66.29900,0.62000,1.85000,0.06889,0.20556,10,26.26000,presence_in,sintetico
32,16,27.39000,67.48000,1,27.14300,66.54400,0.56000,2.21000,0.06222,0.24556,10,26.19000,presence_in,sintetico
32,17,27.49000,67.39000,1,27.20900,66.75600,0.67000,2.36000,0.07444,0.26222,10,26.12000,presence_in,sintetico
32,18,27.41000,68.02000,1,27.26800,67.05500,0.57000,2.69000,0.06333,0.29889,10,26.09000,presence_in,sintetico
32,19,27.50000,67.13000,1,27.33400,67.23500,0.42000,1.28000,0.04667,0.14222,10,26.05000,presence_in,sintetico
33,9,31.10000,59.74000,1,31.20600,61.29500,-0.32000,-3.27000,-0.03556,-0.36333,4,31.73000,presence_long,sintetico
33,10,31.23000,58.91000,1,31.18700,60.88500,-0.24000,-4.08000,-0.02667,-0.45333,5,31.56000,presence_long,sintetico
33,11,31.08000,59.30000,1,31.14800,60.51600,-0.33000,-2.84000,-0.03667,-0.31556,6,31.81000,presence_long,sintetico
33,12,31.28000,59.57000,1,31.13500,60.25900,-0.07000,-1.98000,-0.00778,-0.22000,7,31.58000,presence_long,sintetico
33,13,31.27000,58.36000,1,31.12700,59.94000,0.13000,-2.75000,0.01444,-0.30556,8,31.69000,presence_long,sintetico
33,14,31.03000,58.43000,1,31.11600,59.67200,0.01000,-3.00000,0.00111,-0.33333,9,31.66000,presence_long,sintetico
33,15,30.99000,57.83000,1,31.11300,59.31200,-0.10000,-3.11000,-0.01111,-0.34556,10,31.72000,presence_long,sintetico
33,16,30.99000,57.89000,1,31.10300,59.00700,-0.07000,-2.02000,-0.00778,-0.22444,10,31.80000,presence_long,sintetico
33,17,31.11000,57.96000,1,31.10800,58.81200,0.11000,-2.17000,0.01222,-0.24111,10,31.77000,presence_long,sintetico
33,18,31.25000,57.97000,1,31.13300,58.59600,0.15000,-1.77000,0.01667,-0.19667,10,31.77000,presence_long,sintetico
33,19,31.24000,58.55000,1,31.14700,58.47700,0.01000,-0.36000,0.00111,-0.04000,10,31.88000,presence_long,sintetico
34,9,32.00000,86.43000,0,31.86500,82.74700,0.17000,6.30000,0.01889,0.70000,0,32.73000,humidity_up,sintetico
34,10,31.98000,87.23000,0,31.88000,83.45700,0.14000,6.69000,0.01556,0.74333,0,32.82000,humidity_up,sintetico
34,11,32.04000,87.20000,0,31.90000,84.12300,0.34000,6.63000,0.03778,0.73667,0,32.88000,humidity_up,sintetico
34,12,32.10000,86.99000,0,31.94000,84.76500,0.43000,5.74000,0.04778,0.63778,0,32.96000,humidity_up,sintetico
34,13,32.03000,88.13000,0,31.97600,85.45300,0.19000,6.35000,0.02111,0.70556,0,33.01000,humidity_up,sintetico
34,14,32.07000,88.51000,0,31.99900,86.12600,0.11000,5.59000,0.01222,0.62111,0,32.93000,humidity_up,sintetico
34,15,32.12000,89.03000,0,32.01500,86.73700,0.19000,5.23000,0.02111,0.58111,0,32.98000,humidity_up,sintetico
34,16,32.13000,89.94000,0,32.03500,87.35100,0.23000,4.86000,0.02556,0.54000,0,33.04000,humidity_up,sintetico
34,17,32.04000,90.51000,0,32.04900,87.89400,0.06000,5.54000,0.00667,0.61556,0,33.12000,humidity_up,sintetico
34,18,32.00000,90.19000,0,32.05100,88.41600,0.00000,3.76000,0.00000,0.41778,0,33.13000,humidity_up,sintetico
34,19,31.89000,91.60000,0,32.04000,88.93300,-0.09000,4.37000,-0.01000,0.48556,0,33.17000,humidity_up,sintetico
35,9,28.89000,57.24000,0,29.20900,56.48500,-0.34000,1.24000,-0.03778,0.13778,0,29.27000,humidity_down,sintetico
35,10,28.99000,56.67000,0,29.18500,56.55200,-0.24000,0.48000,-0.02667,0.05333,0,29.06000,humidity_down,sintetico
35,11,29.07000,55.70000,0,29.16900,56.50300,-0.37000,-0.19000,-0.04111,-0.02111,0,29.12000,humidity_down,sintetico
35,12,29.00000,54.90000,0,29.12500,56.40400,-0.40000,-1.81000,-0.04444,-0.20111,0,29.19000,humidity_down,sintetico
35,13,28.77000,54.82000,0,29.06200,56.21500,-0.58000,-1.02000,-0.06444,-0.11333,0,29.03000,humidity_down,sintetico
35,14,28.92000,53.89000,0,29.01900,56.02000,-0.21000,-2.17000,-0.02333,-0.24111,0,28.90000,humidity_down,sintetico
35,15,28.96000,53.19000,0,29.00200,55.73300,-0.29000,-3.65000,-0.03222,-0.40556,0,28.82000,humidity_down,sintetico
35,16,29.00000,52.29000,0,28.97700,55.27800,-0.08000,-4.80000,-0.00889,-0.53333,0,28.74000,humidity_down,sintetico
35,17,28.89000,52.32000,0,28.95800,54.80100,-0.20000,-4.67000,-0.02222,-0.51889,0,28.76000,humidity_down,sintetico
35,18,28.89000,52.88000,0,28.93800,54.39000,0.00000,-4.36000,0.00000,-0.48444,0,28.63000,humidity_down,sintetico
35,19,28.89000,51.83000,0,28.93800,53.84900,-0.10000,-4.84000,-0.01111,-0.53778,0,28.49000,humidity_down,sintetico
36,9,27.27000,71.78000,1,27.47600,71.90400,-0.62000,-0.33000,-0.06889,-0.03667,10,28.17000,stable,sintetico
36,10,27.35000,71.70000,1,27.42200,71.86300,-0.38000,-1.12000,-0.04222,-0.12444,10,28.01000,stable,sintetico
36,11,27.36000,71.27000,1,27.38500,71.70800,-0.27000,-1.16000,-0.03000,-0.12889,10,28.07000,stable,sintetico
36,12,27.26000,71.70000,1,27.34800,71.63500,-0.35000,-0.15000,-0.03889,-0.01667,10,27.96000,stable,sintetico
36,13,27.31000,71.95000,1,27.31800,71.64500,-0.15000,0.13000,-0.01667,0.01444,10,28.01000,stable,sintetico
36,14,27.35000,71.97000,1,27.30700,71.66000,-0.01000,0.56000,-0.00111,0.06222,10,27.79000,stable,sintetico
36,15,27.43000,72.49000,1,27.31400,71.76800,0.17000,0.79000,0.01889,0.08778,10,27.56000,stable,sintetico
36,16,27.54000,72.43000,1,27.34200,71.84100,0.30000,0.83000,0.03333,0.09222,10,27.73000,stable,sintetico
36,17,27.71000,72.56000,1,27.38900,71.93700,0.40000,1.04000,0.04444,0.11556,10,27.58000,stable,sintetico
36,18,27.78000,72.71000,1,27.43600,72.05600,0.51000,0.93000,0.05667,0.10333,10,27.59000,stable,sintetico
36,19,27.81000,72.31000,1,27.49000,72.10900,0.46000,0.61000,0.05111,0.06778,10,27.53000,stable,sintetico
37,9,30.81000,80.71000,0,30.75200,80.63400,0.05000,-0.14000,0.00556,-0.01556,0,32.77000,warm_slow,sintetico
37,10,30.84000,81.42000,0,30.76000,80.69100,0.04000,1.40000,0.00444,0.15556,0,32.69000,warm_slow,sintetico
37,11,30.81000,81.47000,0,30.76100,80.83600,0.08000,0.91000,0.00889,0.10111,0,32.79000,warm_slow,sintetico
37,12,30.89000,82.41000,0,30.77700,81.02100,0.11000,1.95000,0.01222,0.21667,0,32.89000,warm_slow,sintetico
37,13,30.91000,83.01000,0,30.79000,81.27600,0.16000,2.59000,0.01778,0.28778,0,32.99000,warm_slow,sintetico
37,14,31.12000,83.06000,0,30.82700,81.54000,0.27000,2.02000,0.03000,0.22444,0,33.22000,warm_slow,sintetico
37,15,31.16000,82.96000,0,30.85800,81.73200,0.57000,2.29000,0.06333,0.25444,0,33.43000,warm_slow,sintetico
37,16,31.19000,83.51000,0,30.91800,82.01600,0.52000,2.82000,0.05778,0.31333,0,33.49000,warm_slow,sintetico
37,17,31.27000,83.72000,0,30.97800,82.31900,0.49000,2.80000,0.05444,0.31111,0,33.50000,warm_slow,sintetico
37,18,31.20000,83.26000,0,31.02000,82.55300,0.39000,2.55000,0.04333,0.28333,0,33.48000,warm_slow,sintetico
37,19,31.52000,83.25000,0,31.09100,82.80700,0.68000,1.83000,0.07556,0.20333,0,33.37000,warm_slow,sintetico
38,9,23.44000,56.42000,0,23.19200,56.02200,0.58000,1.55000,0.06444,0.17222,0,27.89000,warm_fast,sintetico
38,10,23.56000,56.14000,0,23.26200,56.14900,0.62000,1.01000,0.06889,0.11222,0,28.08000,warm_fast,sintetico
38,11,23.75000,56.44000,0,23.34300,56.28000,0.57000,0.87000,0.06333,0.09667,0,28.33000,warm_fast,sintetico
38,12,23.95000,56.35000,0,23.42000,56.35800,0.79000,0.83000,0.08778,0.09222,0,28.53000,warm_fast,sintetico
38,13,23.98000,56.79000,0,23.50200,56.48500,0.86000,-0.16000,0.09556,-0.01778,0,28.65000,warm_fast,sintetico
38,14,24.14000,57.36000,0,23.60400,56.52600,1.05000,0.91000,0.11667,0.10111,0,28.71000,warm_fast,sintetico
38,15,24.39000,56.66000,0,23.73400,56.54700,1.26000,0.95000,0.14000,0.10556,0,28.74000,warm_fast,sintetico
38,16,24.38000,56.32000,0,23.85900,56.60800,0.93000,-0.80000,0.10333,-0.08889,0,29.04000,warm_fast,sintetico
38,17,24.41000,56.82000,0,23.95500,56.57800,0.86000,0.34000,0.09556,0.03778,0,29.24000,warm_fast,sintetico
38,18,24.62000,57.50000,0,24.06200,56.68000,1.18000,1.08000,0.13111,0.12000,0,29.36000,warm_fast,sintetico
38,19,24.82000,57.70000,0,24.20000,56.80800,1.26000,1.56000,0.14000,0.17333,0,29.59000,warm_fast,sintetico
39,9,22.96000,78.12000,0,22.96900,76.63200,-0.11000,3.30000,-0.01222,0.36667,0,20.40000,cool_slow,sintetico
39,10,22.86000,78.04000,0,22.94800,76.95400,-0.18000,2.80000,-0.02000,0.31111,0,20.29000,cool_slow,sintetico
39,11,22.82000,78.16000,0,22.92600,77.24600,-0.20000,1.77000,-0.02222,0.19667,0,20.36000,cool_slow,sintetico
39,12,22.60000,77.23000,0,22.88400,77.33000,-0.53000,1.09000,-0.05889,0.12111,0,20.31000,cool_slow,sintetico
39,13,22.43000,76.62000,0,22.81400,77.37800,-0.60000,0.30000,-0.06667,0.03333,0,20.38000,cool_slow,sintetico
39,14,22.30000,76.89000,0,22.74100,77.43500,-0.57000,0.01000,-0.06333,0.00111,0,20.22000,cool_slow,sintetico
39,15,22.22000,76.92000,0,22.67600,77.43900,-0.63000,-0.02000,-0.07000,-0.00222,0,20.11000,cool_slow,sintetico
39,16,22.01000,76.58000,0,22.59200,77.40300,-0.87000,-1.23000,-0.09667,-0.13667,0,20.32000,cool_slow,sintetico
39,17,22.02000,76.83000,0,22.50600,77.30500,-0.82000,-0.83000,-0.09111,-0.09222,0,20.17000,cool_slow,sintetico
39,18,21.87000,76.84000,0,22.40900,77.22300,-1.09000,-1.28000,-0.12111,-0.14222,0,20.17000,cool_slow,sintetico
39,19,22.08000,76.75000,0,22.32100,77.08600,-0.78000,-1.29000,-0.08667,-0.14333,0,20.18000,cool_slow,sintetico
40,9,24.34000,63.21000,1,24.93500,64.12700,-0.88000,-2.05000,-0.09778,-0.22778,10,20.00000,cool_fast,sintetico
40,10,24.27000,62.58000,1,24.84000,63.85900,-1.01000,-2.40000,-0.11222,-0.26667,10,20.00000,cool_fast,sintetico
40,11,24.15000,62.91000,1,24.72700,63.65200,-1.06000,-0.66000,-0.11778,-0.07333,10,20.12000,cool_fast,sintetico
40,12,23.98000,63.38000,1,24.60400,63.63300,-1.23000,-0.92000,-0.13667,-0.10222,10,20.01000,cool_fast,sintetico
40,13,23.78000,63.19000,1,24.46100,63.52200,-1.27000,-1.34000,-0.14111,-0.14889,10,20.00000,cool_fast,sintetico
40,14,23.50000,63.67000,1,24.30600,63.43600,-1.46000,-0.43000,-0.16222,-0.04778,10,20.09000,cool_fast,sintetico
40,15,23.25000,63.78000,1,24.13500,63.40400,-1.61000,0.21000,-0.17889,0.02333,10,20.03000,cool_fast,sintetico
40,16,23.08000,63.12000,1,23.95700,63.35900,-1.55000,-0.99000,-0.17222,-0.11000,10,20.00000,cool_fast,sintetico
40,17,22.85000,63.80000,1,23.77900,63.32800,-1.74000,0.16000,-0.19333,0.01778,10,20.00000,cool_fast,sintetico
40,18,22.72000,63.16000,1,23.59200,63.28000,-1.62000,-0.05000,-0.18000,-0.00556,10,20.00000,cool_fast,sintetico
40,19,22.59000,63.00000,1,23.41700,63.25900,-1.68000,0.42000,-0.18667,0.04667,10,20.00000,cool_fast,sintetico
41,9,28.21000,79.50000,0,28.03900,75.88700,0.29000,5.18000,0.03222,0.57556,0,28.66000,presence_in,sintetico
41,10,28.07000,79.12000,0,28.05400,76.36700,0.19000,4.80000,0.02111,0.53333,0,28.61000,presence_in,sintetico
41,11,28.12000,79.34000,0,28.07800,76.86900,0.13000,4.40000,0.01444,0.48889,0,28.81000,presence_in,sintetico
41,12,28.35000,78.97000,0,28.11400,77.27200,0.40000,4.01000,0.04444,0.44556,0,28.73000,presence_in,sintetico
41,13,28.46000,79.61000,1,28.16500,77.73700,0.47000,4.35000,0.05222,0.48333,1,28.78000,presence_in,sintetico
41,14,28.55000,79.08000,1,28.22100,78.11900,0.58000,3.88000,0.06444,0.43111,2,28.59000,presence_in,sintetico
41,15,28.72000,79.76000,1,28.29600,78.57500,0.58000,3.90000,0.06444,0.43333,3,28.74000,presence_in,sintetico
41,16,28.79000,79.87000,1,28.36100,78.97600,0.60000,3.06000,0.06667,0.34000,4,28.80000,presence_in,sintetico
41,17,28.81000,79.83000,1,28.42300,79.27800,0.66000,2.13000,0.07333,0.23667,5,28.72000,presence_in,sintetico
41,18,28.89000,79.85000,1,28.49700,79.49300,0.68000,0.35000,0.07556,0.03889,6,28.70000,presence_in,sintetico
41,19,28.79000,79.27000,1,28.55500,79.47000,0.72000,0.15000,0.08000,0.01667,7,28.83000,presence_in,sintetico
42,9,32.73000,61.23000,1,33.05000,60.61200,-0.33000,0.06000,-0.03667,0.00667,4,32.64000,presence_long,sintetico
42,10,32.85000,61.49000,1,33.02900,60.64400,-0.25000,1.62000,-0.02778,0.18000,5,32.60000,presence_long,sintetico
42,11,32.92000,60.52000,1,33.01100,60.70900,-0.22000,0.63000,-0.02444,0.07000,6,32.41000,presence_long,sintetico
42,12,33.14000,59.86000,1,33.01100,60.70600,-0.01000,-0.16000,-0.00111,-0.01778,7,32.43000,presence_long,sintetico
42,13,33.32000,60.43000,1,33.02800,60.74700,0.18000,0.44000,0.02000,0.04889,8,32.30000,presence_long,sintetico
42,14,33.39000,59.96000,1,33.05300,60.74400,0.17000,0.26000,0.01889,0.02889,9,32.16000,presence_long,sintetico
42,15,33.41000,59.70000,1,33.07200,60.74400,0.31000,-1.66000,0.03444,-0.18444,10,32.17000,presence_long,sintetico
42,16,33.41000,59.56000,1,33.10300,60.56400,0.39000,-1.85000,0.04333,-0.20556,10,32.05000,presence_long,sintetico
42,17,33.17000,60.18000,1,33.11800,60.44100,0.33000,-1.30000,0.03667,-0.14444,10,32.04000,presence_long,sintetico
42,18,33.16000,59.91000,1,33.15000,60.28400,0.43000,-1.32000,0.04778,-0.14667,10,31.96000,presence_long,sintetico
42,19,33.09000,60.11000,1,33.18600,60.17200,0.24000,-1.38000,0.02667,-0.15333,10,31.95000,presence_long,sintetico
43,9,29.36000,69.82000,1,29.36400,67.52300,0.30000,4.57000,0.03333,0.50778,10,30.51000,humidity_up,sintetico
43,10,29.34000,69.55000,1,29.39200,67.95300,0.11000,3.83000,0.01222,0.42556,10,30.56000,humidity_up,sintetico
43,11,29.33000,69.19000,1,29.40200,68.30000,0.01000,3.33000,0.00111,0.37000,10,30.77000,humidity_up,sintetico
43,12,29.40000,69.95000,1,29.41000,68.70900,0.10000,4.02000,0.01111,0.44667,10,30.68000,humidity_up,sintetico
43,13,29.63000,70.96000,1,29.44300,69.21200,0.18000,4.31000,0.02000,0.47889,10,30.72000,humidity_up,sintetico
43,14,29.58000,71.96000,1,29.45600,69.74300,0.09000,4.01000,0.01000,0.44556,10,30.67000,humidity_up,sintetico
43,15,29.41000,71.99000,1,29.44800,70.14700,-0.22000,3.07000,-0.02444,0.34111,10,30.70000,humidity_up,sintetico
43,16,29.45000,71.35000,1,29.43000,70.39000,-0.01000,2.26000,-0.00111,0.25111,10,30.52000,humidity_up,sintetico
43,17,29.44000,71.34000,1,29.42800,70.61500,0.10000,1.30000,0.01111,0.14444,10,30.36000,humidity_up,sintetico
43,18,29.46000,71.29000,1,29.44000,70.74000,0.10000,1.47000,0.01111,0.16333,10,30.28000,humidity_up,sintetico
43,19,29.51000,71.86000,1,29.45500,70.94400,0.17000,2.31000,0.01889,0.25667,10,30.37000,humidity_up,sintetico
44,9,27.48000,53.36000,1,27.45800,55.66600,-0.10000,-4.71000,-0.01111,-0.52333,10,28.03000,humidity_down,sintetico
44,10,27.51000,53.80000,1,27.45100,55.23900,0.02000,-3.78000,0.00222,-0.42000,10,28.21000,humidity_down,sintetico
44,11,27.33000,53.24000,1,27.43500,54.80500,-0.28000,-4.23000,-0.03111,-0.47000,10,28.18000,humidity_down,sintetico
44,12,27.38000,52.19000,1,27.41200,54.27700,-0.21000,-4.57000,-0.02333,-0.50778,10,28.28000,humidity_down,sintetico
44,13,27.41000,51.03000,1,27.39400,53.70400,0.03000,-4.60000,0.00333,-0.51111,10,28.32000,humidity_down,sintetico
44,14,27.50000,51.06000,1,27.40600,53.24700,0.08000,-3.94000,0.00889,-0.43778,10,28.55000,humidity_down,sintetico
44,15,27.53000,49.49000,1,27.41700,52.69600,0.10000,-5.54000,0.01111,-0.61556,10,28.55000,humidity_down,sintetico
44,16,27.41000,49.25000,1,27.41500,52.11800,0.12000,-5.10000,0.01333,-0.56667,10,28.62000,humidity_down,sintetico
44,17,27.42000,47.22000,1,27.42800,51.40500,0.11000,-6.19000,0.01222,-0.68778,10,28.64000,humidity_down,sintetico
44,18,27.57000,46.75000,1,27.45400,50.73900,0.09000,-6.61000,0.01000,-0.73444,10,28.80000,humidity_down,sintetico
44,19,27.47000,46.74000,1,27.45300,50.07700,-0.04000,-7.06000,-0.00444,-0.78444,10,28.75000,humidity_down,sintetico
45,9,29.26000,59.35000,0,29.36600,60.53300,0.08000,-1.75000,0.00889,-0.19444,0,28.13000,stable,sintetico
45,10,29.12000,59.52000,0,29.36000,60.37500,-0.26000,-0.03000,-0.02889,-0.00333,0,28.04000,stable,sintetico
45,11,28.97000,57.80000,0,29.31900,60.20000,-0.29000,-3.25000,-0.03222,-0.36111,0,28.09000,stable,sintetico
45,12,28.85000,57.54000,0,29.27800,59.84900,-0.48000,-2.91000,-0.05333,-0.32333,0,28.08000,stable,sintetico
45,13,28.77000,58.37000,0,29.22200,59.64100,-0.56000,-2.11000,-0.06222,-0.23444,0,28.08000,stable,sintetico
45,14,28.70000,58.86000,0,29.15900,59.47900,-0.73000,-2.63000,-0.08111,-0.29222,0,28.02000,stable,sintetico
45,15,28.70000,58.83000,0,29.08600,59.21300,-0.77000,-2.37000,-0.08556,-0.26333,0,28.05000,stable,sintetico
45,16,28.60000,58.80000,0,28.99900,58.97300,-0.97000,-2.01000,-0.10778,-0.22333,0,28.12000,stable,sintetico
45,17,28.51000,58.89000,0,28.89300,58.78100,-0.94000,-0.96000,-0.10444,-0.10667,0,28.08000,stable,sintetico
45,18,28.48000,58.37000,0,28.79600,58.63300,-0.78000,-0.98000,-0.08667,-0.10889,0,28.14000,stable,sintetico
45,19,28.60000,58.61000,0,28.73000,58.55900,-0.52000,-0.91000,-0.05778,-0.10111,0,28.08000,stable,sintetico
46,9,26.23000,70.75000,1,25.85000,71.78900,0.47000,-1.42000,0.05222,-0.15778,10,27.92000,warm_slow,sintetico
46,10,26.20000,71.32000,1,25.89400,71.70400,0.35000,-1.02000,0.03889,-0.11333,10,28.02000,warm_slow,sintetico
46,11,26.35000,71.38000,1,25.94400,71.60800,0.77000,-0.54000,0.08556,-0.06000,10,28.03000,warm_slow,sintetico
46,12,26.38000,71.40000,1,26.02400,71.55600,0.74000,-0.41000,0.08222,-0.04556,10,28.09000,warm_slow,sintetico
46,13,26.43000,71.43000,1,26.10300,71.51800,0.70000,-1.08000,0.07778,-0.12000,10,28.15000,warm_slow,sintetico
46,14,26.47000,71.65000,1,26.17700,71.43200,0.72000,-0.35000,0.08000,-0.03889,10,28.15000,warm_slow,sintetico
46,15,26.62000,71.06000,1,26.26400,71.33800,0.77000,-0.84000,0.08556,-0.09333,10,28.45000,warm_slow,sintetico
46,16,26.55000,70.17000,1,26.33400,71.16500,0.66000,-1.65000,0.07333,-0.18333,10,28.44000,warm_slow,sintetico
46,17,26.71000,70.39000,1,26.41600,71.02200,0.49000,-0.28000,0.05444,-0.03111,10,28.51000,warm_slow,sintetico
46,18,26.83000,69.69000,1,26.47700,70.92400,0.60000,-1.06000,0.06667,-0.11778,10,28.57000,warm_slow,sintetico
46,19,27.11000,69.43000,1,26.56500,70.79200,0.91000,-1.89000,0.10111,-0.21000,10,28.65000,warm_slow,sintetico
47,9,31.95000,65.60000,1,31.67400,67.80700,1.03000,-3.99000,0.11444,-0.44333,10,36.19000,warm_fast,sintetico
47,10,32.25000,65.91000,1,31.80700,67.43900,1.22000,-3.39000,0.13556,-0.37667,10,36.39000,warm_fast,sintetico
47,11,32.44000,65.43000,1,31.94800,67.05200,1.08000,-3.63000,0.12000,-0.40333,10,36.30000,warm_fast,sintetico
47,12,32.41000,64.89000,1,32.05300,66.63500,0.80000,-3.89000,0.08889,-0.43222,10,36.46000,warm_fast,sintetico
47,13,32.57000,65.44000,1,32.14900,66.30100,0.85000,-3.28000,0.09444,-0.36444,10,36.87000,warm_fast,sintetico
47,14,32.83000,65.87000,1,32.26000,66.01600,0.80000,-1.89000,0.08889,-0.21000,10,37.13000,warm_fast,sintetico
47,15,32.91000,65.97000,1,32.34800,65.83700,0.88000,-0.80000,0.09778,-0.08889,10,37.22000,warm_fast,sintetico
47,16,33.03000,65.93000,1,32.44800,65.75300,0.97000,-0.48000,0.10778,-0.05333,10,37.29000,warm_fast,sintetico
47,17,33.43000,65.05000,1,32.58500,65.61700,1.40000,-1.03000,0.15556,-0.11444,10,37.49000,warm_fast,sintetico
47,18,33.56000,65.79000,1,32.73800,65.58800,1.61000,0.19000,0.17889,0.02111,10,37.80000,warm_fast,sintetico
47,19,33.55000,65.52000,1,32.89800,65.58000,1.30000,-0.39000,0.14444,-0.04333,10,37.75000,warm_fast,sintetico
48,9,30.36000,56.48000,0,30.89000,55.44900,-0.84000,1.83000,-0.09333,0.20333,0,28.15000,cool_slow,sintetico
48,10,30.23000,56.26000,0,30.79300,55.61000,-0.75000,2.47000,-0.08333,0.27444,0,28.05000,cool_slow,sintetico
48,11,30.08000,56.09000,0,30.70300,55.84000,-0.97000,1.72000,-0.10778,0.19111,0,28.05000,cool_slow,sintetico
48,12,30.25000,56.77000,0,30.62300,56.08000,-0.78000,1.66000,-0.08667,0.18444,0,27.79000,cool_slow,sintetico
48,13,30.23000,56.67000,0,30.54300,56.23600,-0.87000,1.26000,-0.09667,0.14000,0,27.79000,cool_slow,sintetico
48,14,30.27000,57.22000,0,30.46000,56.41700,-0.66000,0.94000,-0.07333,0.10444,0,27.76000,cool_slow,sintetico
48,15,30.12000,57.09000,0,30.37900,56.49800,-0.81000,1.10000,-0.09000,0.12222,0,27.55000,cool_slow,sintetico
48,16,29.84000,57.63000,0,30.27000,56.66200,-0.95000,1.58000,-0.10556,0.17556,0,27.69000,cool_slow,sintetico
48,17,30.02000,57.60000,0,30.19300,56.81700,-0.51000,1.24000,-0.05667,0.13778,0,27.58000,cool_slow,sintetico
48,18,29.71000,57.85000,0,30.11100,56.96600,-0.65000,1.37000,-0.07222,0.15222,0,27.46000,cool_slow,sintetico
48,19,29.54000,57.41000,0,30.02900,57.05900,-0.69000,1.15000,-0.07667,0.12778,0,27.50000,cool_slow,sintetico
49,9,30.46000,59.18000,0,31.61000,58.92200,-2.41000,1.25000,-0.26778,0.13889,0,26.33000,cool_fast,sintetico
49,10,30.08000,57.93000,0,31.33100,58.92200,-2.31000,0.14000,-0.25667,0.01556,0,26.15000,cool_fast,sintetico
49,11,30.08000,58.35000,0,31.10000,58.97800,-2.13000,0.19000,-0.23667,0.02111,0,25.89000,cool_fast,sintetico
49,12,29.80000,58.26000,0,30.85900,58.98800,-2.03000,-0.46000,-0.22556,-0.05111,0,25.69000,cool_fast,sintetico
49,13,29.76000,58.42000,0,30.65200,58.95800,-2.00000,-0.91000,-0.22222,-0.10111,0,25.60000,cool_fast,sintetico
49,14,29.62000,58.94000,0,30.43800,58.91900,-1.98000,-0.87000,-0.22000,-0.09667,0,25.41000,cool_fast,sintetico
49,15,29.37000,58.87000,0,30.21500,58.82500,-1.89000,-1.25000,-0.21000,-0.13889,0,25.35000,cool_fast,sintetico
49,16,29.21000,58.64000,0,30.01000,58.67700,-1.80000,-0.49000,-0.20000,-0.05444,0,25.26000,cool_fast,sintetico
49,17,29.00000,58.60000,0,29.80900,58.62400,-1.71000,-0.45000,-0.19000,-0.05000,0,25.07000,cool_fast,sintetico
49,18,28.84000,57.95000,0,29.62200,58.51400,-1.62000,-1.23000,-0.18000,-0.13667,0,24.99000,cool_fast,sintetico
49,19,28.78000,57.33000,0,29.45400,58.32900,-1.30000,-0.60000,-0.14444,-0.06667,0,24.66000,cool_fast,sintetico
50,9,27.72000,52.52000,1,28.03000,53.10700,-0.45000,-1.29000,-0.05000,-0.14333,10,28.09000,presence_in,sintetico
50,10,27.91000,52.11000,1,28.00400,52.93700,-0.29000,-1.75000,-0.03222,-0.19444,10,27.92000,presence_in,sintetico
50,11,27.91000,51.39000,1,27.97500,52.69000,-0.18000,-2.47000,-0.02000,-0.27444,10,27.87000,presence_in,sintetico
50,12,28.11000,51.34000,1,27.97700,52.43800,0.02000,-1.77000,0.00222,-0.19667,10,27.91000,presence_in,sintetico
50,13,28.12000,52.09000,1,27.98000,52.33600,0.09000,-0.85000,0.01000,-0.09444,10,27.85000,presence_in,sintetico
50,14,28.20000,51.61000,1,27.99700,52.20300,0.12000,-1.58000,0.01333,-0.17556,10,27.91000,presence_in,sintetico
50,15,28.12000,51.88000,1,28.00100,52.07200,0.11000,-1.57000,0.01222,-0.17444,10,27.82000,presence_in,sintetico
50,16,28.04000,50.71000,1,28.00400,51.79800,0.06000,-1.16000,0.00667,-0.12889,10,27.93000,presence_in,sintetico
50,17,28.04000,49.90000,1,28.01000,51.60100,0.11000,-2.56000,0.01222,-0.28444,10,28.04000,presence_in,sintetico
50,18,28.23000,50.00000,1,28.04000,51.35500,0.51000,-2.52000,0.05667,-0.28000,10,28.20000,presence_in,sintetico
50,19,28.12000,49.61000,1,28.08000,51.06400,0.21000,-2.50000,0.02333,-0.27778,10,28.32000,presence_in,sintetico
51,9,31.56000,72.07000,1,31.09600,71.27700,0.48000,0.93000,0.05333,0.10333,4,31.65000,presence_long,sintetico
51,10,31.60000,71.59000,1,31.14800,71.32200,0.41000,1.32000,0.04556,0.14667,5,31.81000,presence_long,sintetico
51,11,31.59000,72.37000,1,31.18800,71.53200,0.47000,0.98000,0.05222,0.10889,6,31.69000,presence_long,sintetico
51,12,31.80000,73.18000,1,31.25600,71.71100,0.75000,1.92000,0.08333,0.21333,7,31.75000,presence_long,sintetico
51,13,31.89000,72.49000,1,31.34000,71.83400,0.95000,1.05000,0.10556,0.11667,8,31.75000,presence_long,sintetico
51,14,31.95000,71.81000,1,31.44100,71.87100,1.10000,0.47000,0.12222,0.05222,9,31.84000,presence_long,sintetico
51,15,31.77000,71.94000,1,31.53300,71.93100,0.82000,0.98000,0.09111,0.10889,10,31.61000,presence_long,sintetico
51,16,31.83000,72.44000,1,31.62100,72.07900,0.78000,1.03000,0.08667,0.11444,10,31.69000,presence_long,sintetico
51,17,31.89000,72.73000,1,31.70500,72.21100,0.72000,1.24000,0.08000,0.13778,10,31.61000,presence_long,sintetico
51,18,31.77000,72.67000,1,31.76500,72.32900,0.21000,0.60000,0.02333,0.06667,10,31.61000,presence_long,sintetico
51,19,31.59000,71.57000,1,31.76800,72.27900,-0.01000,-0.02000,-0.00111,-0.00222,10,31.86000,presence_long,sintetico
52,9,33.42000,72.54000,0,33.39100,70.33100,0.19000,5.61000,0.02111,0.62333,0,34.65000,humidity_up,sintetico
52,10,33.45000,73.64000,0,33.41300,71.00200,0.02000,5.55000,0.00222,0.61667,0,34.81000,humidity_up,sintetico
52,11,33.35000,74.18000,0,33.40500,71.61100,0.05000,5.10000,0.00556,0.56667,0,34.92000,humidity_up,sintetico
52,12,33.46000,73.67000,0,33.42100,72.07000,0.05000,3.87000,0.00556,0.43000,0,34.72000,humidity_up,sintetico
52,13,33.45000,73.98000,0,33.42500,72.48800,-0.10000,3.53000,-0.01111,0.39222,0,34.84000,humidity_up,sintetico
52,14,33.43000,74.26000,0,33.41300,72.86900,-0.14000,3.19000,-0.01556,0.35444,0,34.69000,humidity_up,sintetico
52,15,33.45000,75.86000,0,33.40100,73.34800,0.12000,4.28000,0.01333,0.47556,0,34.55000,humidity_up,sintetico
52,16,33.41000,76.57000,0,33.40900,73.84700,0.16000,5.10000,0.01778,0.56667,0,34.54000,humidity_up,sintetico
52,17,33.65000,76.82000,0,33.44900,74.38200,0.23000,4.52000,0.02556,0.50222,0,34.47000,humidity_up,sintetico
52,18,33.87000,77.37000,0,33.49400,74.88900,0.45000,4.83000,0.05000,0.53667,0,34.48000,humidity_up,sintetico
52,19,34.08000,78.34000,0,33.56000,75.46900,0.63000,4.70000,0.07000,0.52222,0,34.75000,humidity_up,sintetico
53,9,23.85000,77.87000,0,24.04000,79.11100,-0.37000,-3.37000,-0.04111,-0.37444,0,23.23000,humidity_down,sintetico
53,10,23.72000,76.92000,0,23.99000,78.67900,-0.42000,-3.45000,-0.04667,-0.38333,0,23.15000,humidity_down,sintetico
53,11,23.79000,75.35000,0,23.95500,78.17700,-0.34000,-4.65000,-0.03778,-0.51667,0,23.11000,humidity_down,sintetico
53,12,23.94000,75.15000,0,23.93600,77.69200,-0.25000,-4.29000,-0.02778,-0.47667,0,23.28000,humidity_down,sintetico
53,13,24.05000,74.90000,0,23.92200,77.23800,0.02000,-4.39000,0.00222,-0.48778,0,23.16000,humidity_down,sintetico
53,14,24.03000,73.77000,0,23.92200,76.68600,0.01000,-5.61000,0.00111,-0.62333,0,23.24000,humidity_down,sintetico
53,15,24.02000,72.68000,0,23.92200,76.01600,0.08000,-5.27000,0.00889,-0.58556,0,23.34000,humidity_down,sintetico
53,16,24.07000,72.57000,0,23.93500,75.47800,0.14000,-5.54000,0.01556,-0.61556,0,23.17000,humidity_down,sintetico
53,17,24.25000,72.23000,0,23.96700,74.89000,0.30000,-5.23000,0.03333,-0.58111,0,23.19000,humidity_down,sintetico
53,18,24.36000,71.52000,0,24.00800,74.29600,0.51000,-6.35000,0.05667,-0.70556,0,23.19000,humidity_down,sintetico
53,19,24.31000,71.23000,0,24.05400,73.63200,0.59000,-5.69000,0.06556,-0.63222,0,23.26000,humidity_down,sintetico
54,9,33.12000,69.51000,1,32.87100,69.68700,0.52000,-0.56000,0.05778,-0.06222,10,34.03000,stable,sintetico
54,10,33.15000,69.78000,1,32.92600,69.65800,0.49000,0.38000,0.05444,0.04222,10,34.02000,stable,sintetico
54,11,33.08000,69.04000,1,32.96800,69.62200,0.40000,-0.57000,0.04444,-0.06333,10,34.02000,stable,sintetico
54,12,33.28000,70.41000,1,33.02800,69.70200,0.53000,1.46000,0.05889,0.16222,10,34.33000,stable,sintetico
54,13,33.33000,69.68000,1,33.08600,69.77500,0.59000,-0.19000,0.06556,-0.02111,10,34.41000,stable,sintetico
54,14,33.24000,69.96000,1,33.13600,69.78400,0.29000,-0.45000,0.03222,-0.05000,10,34.35000,stable,sintetico
54,15,33.40000,69.30000,1,33.18100,69.67300,0.41000,-0.56000,0.04556,-0.06222,10,34.40000,stable,sintetico
54,16,33.38000,69.40000,1,33.22000,69.62700,0.30000,-0.37000,0.03333,-0.04111,10,34.48000,stable,sintetico
54,17,33.49000,69.22000,1,33.26100,69.57200,0.35000,-0.20000,0.03889,-0.02222,10,34.24000,stable,sintetico
54,18,33.30000,69.56000,1,33.27700,69.58600,0.18000,0.05000,0.02000,0.00556,10,33.90000,stable,sintetico
54,19,33.44000,69.51000,1,33.30900,69.58600,0.29000,-0.27000,0.03222,-0.03000,10,33.90000,stable,sintetico
55,9,28.60000,52.73000,1,28.62000,53.26300,0.17000,-1.61000,0.01889,-0.17889,10,30.50000,warm_slow,sintetico
55,10,28.67000,52.90000,1,28.64400,53.11900,0.23000,-0.50000,0.02556,-0.05556,10,30.69000,warm_slow,sintetico
55,11,28.77000,53.12000,1,28.67700,53.09100,0.19000,-1.32000,0.02111,-0.14667,10,30.77000,warm_slow,sintetico
55,12,28.80000,53.35000,1,28.69900,52.98200,0.02000,-0.07000,0.00222,-0.00778,10,30.83000,warm_slow,sintetico
55,13,28.98000,53.38000,1,28.71900,52.97800,0.32000,0.34000,0.03556,0.03778,10,30.91000,warm_slow,sintetico
55,14,29.08000,53.36000,1,28.76100,53.01000,0.56000,0.22000,0.06222,0.02444,10,30.76000,warm_slow,sintetico
55,15,29.06000,53.73000,1,28.81500,53.06900,0.43000,1.29000,0.04778,0.14333,10,30.96000,warm_slow,sintetico
55,16,29.05000,54.02000,1,28.85700,53.22700,0.27000,1.17000,0.03000,0.13000,10,30.76000,warm_slow,sintetico
55,17,29.12000,53.93000,1,28.89100,53.33500,0.34000,1.10000,0.03778,0.12222,10,30.99000,warm_slow,sintetico
55,18,29.14000,53.73000,1,28.92700,53.42500,0.54000,1.00000,0.06000,0.11111,10,31.01000,warm_slow,sintetico
55,19,29.00000,54.02000,1,28.96700,53.55400,0.33000,1.12000,0.03667,0.12444,10,31.12000,warm_slow,sintetico
56,9,29.23000,70.68000,0,28.80600,69.50300,1.20000,0.98000,0.13333,0.10889,0,34.94000,warm_fast,sintetico
56,10,29.46000,70.43000,0,28.94900,69.57600,1.19000,0.37000,0.13222,0.04111,0,34.94000,warm_fast,sintetico
56,11,29.85000,70.32000,0,29.10700,69.60200,1.32000,1.18000,0.14667,0.13111,0,35.07000,warm_fast,sintetico
56,12,30.03000,70.14000,0,29.25700,69.70200,1.52000,1.32000,0.16889,0.14667,0,35.29000,warm_fast,sintetico
56,13,30.38000,70.16000,0,29.44400,69.83600,1.72000,1.05000,0.19111,0.11667,0,35.76000,warm_fast,sintetico
56,14,30.56000,70.90000,0,29.63400,70.01500,1.70000,1.09000,0.18889,0.12111,0,35.85000,warm_fast,sintetico
56,15,30.79000,70.95000,0,29.82700,70.12900,1.64000,1.54000,0.18222,0.17111,0,36.04000,warm_fast,sintetico
56,16,31.08000,72.43000,0,30.02000,70.43100,1.74000,3.41000,0.19333,0.37889,0,36.10000,warm_fast,sintetico
56,17,31.28000,72.57000,0,30.21400,70.78600,1.80000,3.29000,0.20000,0.36556,0,36.02000,warm_fast,sintetico
56,18,31.46000,73.37000,0,30.41200,71.19500,2.23000,2.69000,0.24778,0.29889,0,36.09000,warm_fast,sintetico
56,19,31.55000,73.30000,0,30.64400,71.45700,2.09000,2.87000,0.23222,0.31889,0,36.08000,warm_fast,sintetico
57,9,29.93000,67.46000,0,29.95600,66.91900,-0.06000,1.71000,-0.00667,0.19000,0,30.04000,cool_slow,sintetico
57,10,29.92000,67.05000,0,29.94900,67.04900,-0.10000,0.85000,-0.01111,0.09444,0,29.83000,cool_slow,sintetico
57,11,29.67000,66.81000,0,29.91400,67.11000,-0.46000,0.38000,-0.05111,0.04222,0,29.66000,cool_slow,sintetico
57,12,29.77000,66.98000,0,29.87800,67.16500,-0.30000,0.08000,-0.03333,0.00889,0,29.71000,cool_slow,sintetico
57,13,29.95000,67.00000,0,29.86600,67.17500,-0.18000,-0.18000,-0.02000,-0.02000,0,29.67000,cool_slow,sintetico
57,14,30.18000,67.02000,0,29.87100,67.15900,0.28000,0.38000,0.03111,0.04222,0,29.52000,cool_slow,sintetico
57,15,30.12000,66.23000,0,29.89300,67.11800,0.31000,-0.76000,0.03444,-0.08444,0,29.46000,cool_slow,sintetico
57,16,30.20000,65.88000,0,29.93200,67.00700,0.46000,-1.65000,0.05111,-0.18333,0,29.26000,cool_slow,sintetico
57,17,30.06000,66.50000,0,29.96400,66.90400,0.22000,-1.61000,0.02444,-0.17889,0,29.29000,cool_slow,sintetico
57,18,30.14000,67.04000,0,29.99400,66.79700,0.21000,-0.42000,0.02333,-0.04667,0,29.31000,cool_slow,sintetico
57,19,30.04000,66.94000,0,30.00500,66.74500,0.12000,-0.11000,0.01333,-0.01222,0,29.07000,cool_slow,sintetico
58,9,26.10000,56.80000,1,26.77100,56.14900,-1.74000,2.71000,-0.19333,0.30111,10,20.07000,cool_fast,sintetico
58,10,25.84000,56.67000,1,26.57100,56.40700,-1.97000,0.89000,-0.21889,0.09889,10,20.00000,cool_fast,sintetico
58,11,25.70000,57.43000,1,26.36000,56.57200,-1.67000,1.35000,-0.18556,0.15000,10,20.00000,cool_fast,sintetico
58,12,25.59000,57.45000,1,26.18200,56.70900,-1.41000,1.22000,-0.15667,0.13556,10,20.00000,cool_fast,sintetico
58,13,25.41000,57.34000,1,26.02300,56.82000,-1.40000,1.12000,-0.15556,0.12444,10,20.01000,cool_fast,sintetico
58,14,25.40000,57.26000,1,25.88200,56.92400,-1.14000,0.69000,-0.12667,0.07667,10,20.00000,cool_fast,sintetico
58,15,25.20000,56.87000,1,25.74800,56.95400,-1.01000,-0.31000,-0.11222,-0.03444,10,20.00000,cool_fast,sintetico
58,16,24.97000,56.02000,1,25.62400,56.83800,-1.03000,-0.31000,-0.11444,-0.03444,10,20.00000,cool_fast,sintetico
58,17,24.72000,56.77000,1,25.49600,56.88200,-1.31000,0.56000,-0.14556,0.06222,10,20.10000,cool_fast,sintetico
58,18,24.53000,57.07000,1,25.34600,56.96800,-1.57000,0.27000,-0.17444,0.03000,10,20.00000,cool_fast,sintetico
58,19,24.08000,57.31000,1,25.14400,57.01900,-1.76000,0.64000,-0.19556,0.07111,10,20.00000,cool_fast,sintetico
59,9,24.33000,65.99000,0,24.21100,65.20200,-0.11000,1.64000,-0.01222,0.18222,0,25.36000,presence_in,sintetico
59,10,24.19000,65.46000,0,24.18600,65.31300,-0.16000,1.33000,-0.01778,0.14778,0,25.52000,presence_in,sintetico
59,11,24.06000,64.73000,0,24.15700,65.37300,-0.15000,-0.50000,-0.01667,-0.05556,0,25.50000,presence_in,sintetico
59,12,24.16000,64.89000,0,24.15200,65.33900,-0.03000,-0.69000,-0.00333,-0.07667,0,25.61000,presence_in,sintetico
59,13,24.17000,63.46000,1,24.15000,65.12700,0.04000,-1.54000,0.00444,-0.17111,1,25.69000,presence_in,sintetico
59,14,24.42000,62.97000,1,24.17900,64.92400,0.32000,-2.64000,0.03556,-0.29333,2,25.57000,presence_in,sintetico
59,15,24.66000,62.17000,1,24.23500,64.58000,0.62000,-2.96000,0.06889,-0.32889,3,25.55000,presence_in,sintetico
59,16,24.56000,60.96000,1,24.28700,64.16300,0.50000,-4.44000,0.05556,-0.49333,4,25.75000,presence_in,sintetico
59,17,24.61000,60.36000,1,24.34200,63.65900,0.35000,-5.24000,0.03889,-0.58222,5,25.99000,presence_in,sintetico
59,18,24.48000,59.60000,1,24.36400,63.05900,0.15000,-6.39000,0.01667,-0.71000,6,26.10000,presence_in,sintetico
59,19,24.57000,59.99000,1,24.38800,62.45900,0.38000,-5.47000,0.04222,-0.60778,7,26.04000,presence_in,sintetico
60,9,33.36000,53.08000,1,33.58300,52.46600,-0.19000,0.26000,-0.02111,0.02889,4,32.77000,presence_long,sintetico
60,10,33.61000,53.81000,1,33.58900,52.56500,0.16000,1.63000,0.01778,0.18111,5,32.75000,presence_long,sintetico
60,11,33.39000,53.64000,1,33.58300,52.71100,-0.04000,0.50000,-0.00444,0.05556,6,32.86000,presence_long,sintetico
60,12,33.25000,54.58000,1,33.56500,52.85500,-0.43000,2.35000,-0.04778,0.26111,7,33.07000,presence_long,sintetico
60,13,33.28000,54.16000,1,33.52500,53.04800,-0.35000,2.50000,-0.03889,0.27778,8,33.05000,presence_long,sintetico
60,14,33.28000,52.72000,1,33.49000,53.15400,-0.47000,0.90000,-0.05222,0.10000,9,32.89000,presence_long,sintetico
60,15,33.15000,52.74000,1,33.43000,53.24600,-0.53000,0.88000,-0.05889,0.09778,10,32.82000,presence_long,sintetico
60,16,33.25000,51.67000,1,33.38700,53.22700,-0.37000,-1.08000,-0.04111,-0.12000,10,32.82000,presence_long,sintetico
60,17,33.21000,52.23000,1,33.34600,53.17500,-0.47000,-0.89000,-0.05222,-0.09889,10,32.97000,presence_long,sintetico
60,18,33.03000,52.36000,1,33.28100,53.09900,-0.33000,-0.72000,-0.03667,-0.08000,10,33.12000,presence_long,sintetico
60,19,33.04000,53.30000,1,33.24900,53.12100,-0.57000,-0.51000,-0.06333,-0.05667,10,33.06000,presence_long,sintetico
61,9,22.18000,80.21000,0,22.24100,77.91200,-0.12000,3.76000,-0.01333,0.41778,0,22.38000,humidity_up,sintetico
61,10,21.94000,81.05000,0,22.20500,78.37200,-0.29000,3.93000,-0.03222,0.43667,0,22.40000,humidity_up,sintetico
61,11,22.31000,81.53000,0,22.21300,78.81300,-0.03000,4.50000,-0.00333,0.50000,0,22.19000,humidity_up,sintetico
61,12,22.30000,82.49000,0,22.20900,79.35900,-0.05000,5.52000,-0.00556,0.61333,0,21.97000,humidity_up,sintetico
61,13,22.49000,83.58000,0,22.22300,80.02000,0.26000,6.37000,0.02889,0.70778,0,21.80000,humidity_up,sintetico
61,14,22.23000,84.44000,0,22.22300,80.74300,-0.06000,6.86000,-0.00667,0.76222,0,21.81000,humidity_up,sintetico
61,15,22.54000,85.33000,0,22.24800,81.51800,0.33000,7.17000,0.03667,0.79667,0,21.71000,humidity_up,sintetico
61,16,22.40000,86.04000,0,22.26700,82.30600,0.33000,7.10000,0.03667,0.78889,0,21.61000,humidity_up,sintetico
61,17,22.25000,87.26000,0,22.28500,83.13800,0.04000,7.81000,0.00444,0.86778,0,21.75000,humidity_up,sintetico
61,18,22.14000,87.85000,0,22.27800,83.97800,-0.04000,7.64000,-0.00444,0.84889,0,21.72000,humidity_up,sintetico
61,19,22.03000,88.10000,0,22.26300,84.76700,0.09000,7.05000,0.01000,0.78333,0,21.72000,humidity_up,sintetico
62,9,28.20000,71.02000,1,28.11500,72.04400,0.38000,-2.59000,0.04222,-0.28778,10,28.46000,humidity_down,sintetico
62,10,28.12000,70.55000,1,28.14500,71.73800,0.20000,-2.92000,0.02222,-0.32444,10,28.50000,humidity_down,sintetico
62,11,27.91000,70.37000,1,28.14400,71.42800,-0.14000,-2.08000,-0.01556,-0.23111,10,28.61000,humidity_down,sintetico
62,12,27.95000,69.79000,1,28.13400,71.16200,-0.23000,-3.13000,-0.02556,-0.34778,10,28.71000,humidity_down,sintetico
62,13,27.90000,68.75000,1,28.10600,70.74500,-0.25000,-3.64000,-0.02778,-0.40444,10,28.78000,humidity_down,sintetico
62,14,27.99000,67.55000,1,28.09000,70.26100,-0.10000,-4.10000,-0.01111,-0.45556,10,28.93000,humidity_down,sintetico
62,15,28.05000,68.15000,1,28.08600,69.91100,-0.25000,-2.40000,-0.02778,-0.26667,10,28.93000,humidity_down,sintetico
62,16,28.23000,66.77000,1,28.07900,69.53300,0.05000,-4.11000,0.00556,-0.45667,10,29.13000,humidity_down,sintetico
62,17,28.17000,66.45000,1,28.07800,69.09000,-0.09000,-5.05000,-0.01000,-0.56111,10,29.07000,humidity_down,sintetico
62,18,28.16000,65.13000,1,28.06800,68.45300,-0.04000,-5.89000,-0.00444,-0.65444,10,29.17000,humidity_down,sintetico
62,19,28.20000,64.57000,1,28.06800,67.80800,0.08000,-5.98000,0.00889,-0.66444,10,29.13000,humidity_down,sintetico
63,9,22.42000,63.02000,1,22.28900,63.26400,0.37000,0.76000,0.04111,0.08444,10,22.81000,stable,sintetico
63,10,22.42000,61.86000,1,22.32600,63.22400,0.42000,-0.90000,0.04667,-0.10000,10,22.66000,stable,sintetico
63,11,22.35000,61.72000,1,22.36100,63.12000,0.19000,-1.57000,0.02111,-0.17444,10,22.64000,stable,sintetico
63,12,22.33000,61.36000,1,22.37800,62.92700,0.20000,-2.35000,0.02222,-0.26111,10,22.45000,stable,sintetico
63,13,22.29000,62.31000,1,22.39400,62.78700,0.15000,-0.72000,0.01667,-0.08000,10,22.53000,stable,sintetico
63,14,22.37000,62.00000,1,22.41700,62.68400,0.15000,-1.11000,0.01667,-0.12333,10,22.48000,stable,sintetico
63,15,22.36000,61.98000,1,22.43100,62.57100,-0.17000,-1.93000,-0.01889,-0.21444,10,22.48000,stable,sintetico
63,16,22.27000,61.56000,1,22.40500,62.33600,-0.34000,-2.49000,-0.03778,-0.27667,10,22.14000,stable,sintetico
63,17,22.39000,61.33000,1,22.38300,62.06400,-0.24000,-2.17000,-0.02667,-0.24111,10,22.14000,stable,sintetico
63,18,22.26000,61.30000,1,22.34600,61.84400,-0.16000,-1.72000,-0.01778,-0.19111,10,22.11000,stable,sintetico
63,19,22.27000,60.22000,1,22.33100,61.56400,-0.15000,-1.64000,-0.01667,-0.18222,10,22.03000,stable,sintetico
64,9,27.00000,62.38000,0,27.06600,62.15800,-0.13000,1.73000,-0.01444,0.19222,0,28.48000,warm_slow,sintetico
64,10,27.12000,61.39000,0,27.06500,62.23200,0.14000,0.40000,0.01556,0.04444,0,28.63000,warm_slow,sintetico
64,11,27.12000,61.56000,0,27.07900,62.28900,0.14000,-0.20000,0.01556,-0.02222,0,28.66000,warm_slow,sintetico
64,12,27.23000,61.56000,0,27.10400,62.26900,0.11000,-0.92000,0.01222,-0.10222,0,28.59000,warm_slow,sintetico
64,13,27.25000,62.10000,0,27.11700,62.23100,0.20000,-0.26000,0.02222,-0.02889,0,28.66000,warm_slow,sintetico
64,14,27.34000,61.83000,0,27.14600,62.17800,0.37000,-0.22000,0.04111,-0.02444,0,28.73000,warm_slow,sintetico
64,15,27.41000,62.12000,0,27.19000,62.18500,0.23000,-0.83000,0.02556,-0.09222,0,28.59000,warm_slow,sintetico
64,16,27.67000,62.63000,0,27.23900,62.15300,0.57000,-0.15000,0.06333,-0.01667,0,28.59000,warm_slow,sintetico
64,17,27.88000,62.37000,0,27.31700,62.11200,0.73000,-0.81000,0.08111,-0.09000,0,28.52000,warm_slow,sintetico
64,18,27.88000,62.33000,0,27.39000,62.02700,0.88000,-0.05000,0.09778,-0.00556,0,28.74000,warm_slow,sintetico
64,19,27.92000,61.85000,0,27.48200,61.97400,0.80000,0.46000,0.08889,0.05111,0,28.78000,warm_slow,sintetico
65,9,31.23000,74.31000,0,30.52000,73.28200,1.34000,0.93000,0.14889,0.10333,0,35.38000,warm_fast,sintetico
65,10,31.21000,73.63000,0,30.65200,73.30700,1.17000,0.57000,0.13000,0.06333,0,35.72000,warm_fast,sintetico
65,11,31.32000,73.56000,0,30.78000,73.35700,1.15000,0.65000,0.12778,0.07222,0,36.06000,warm_fast,sintetico
65,12,31.27000,74.09000,0,30.89000,73.47500,0.84000,1.16000,0.09333,0.12889,0,36.26000,warm_fast,sintetico
65,13,31.30000,74.99000,0,30.97700,73.68100,0.82000,2.07000,0.09111,0.23000,0,36.50000,warm_fast,sintetico
65,14,31.68000,74.93000,0,31.09700,73.88200,0.98000,2.58000,0.10889,0.28667,0,36.61000,warm_fast,sintetico
65,15,31.89000,74.34000,0,31.21600,74.08100,1.23000,0.82000,0.13667,0.09111,0,36.75000,warm_fast,sintetico
65,16,32.13000,74.14000,0,31.36300,74.14300,1.39000,0.61000,0.15444,0.06778,0,36.99000,warm_fast,sintetico
65,17,32.16000,74.06000,0,31.50500,74.19600,1.30000,0.15000,0.14444,0.01667,0,37.20000,warm_fast,sintetico
65,18,32.26000,73.96000,0,31.64500,74.20100,1.03000,-0.35000,0.11444,-0.03889,0,37.22000,warm_fast,sintetico
65,19,32.54000,73.61000,0,31.77600,74.13100,1.33000,-0.02000,0.14778,-0.00222,0,37.57000,warm_fast,sintetico
66,9,29.84000,72.04000,0,30.26900,70.65600,-0.42000,1.71000,-0.04667,0.19000,0,28.44000,cool_slow,sintetico
66,10,29.74000,71.35000,0,30.21700,70.75800,-0.68000,1.13000,-0.07556,0.12556,0,28.34000,cool_slow,sintetico
66,11,29.47000,70.91000,0,30.12200,70.82700,-1.11000,1.53000,-0.12333,0.17000,0,28.24000,cool_slow,sintetico
66,12,29.23000,70.49000,0,29.98700,70.93800,-1.35000,0.06000,-0.15000,0.00667,0,27.81000,cool_slow,sintetico
66,13,29.26000,70.20000,0,29.85500,70.91500,-1.26000,-0.01000,-0.14000,-0.00111,0,27.90000,cool_slow,sintetico
66,14,29.24000,69.73000,0,29.72700,70.86700,-1.08000,-0.99000,-0.12000,-0.11000,0,27.84000,cool_slow,sintetico
66,15,29.19000,70.70000,0,29.61400,70.86500,-0.98000,0.11000,-0.10889,0.01222,0,27.73000,cool_slow,sintetico
66,16,29.09000,70.83000,0,29.50600,70.88900,-0.87000,-0.54000,-0.09667,-0.06000,0,27.55000,cool_slow,sintetico
66,17,28.84000,71.59000,0,29.39400,70.91100,-1.20000,0.32000,-0.13333,0.03556,0,27.76000,cool_slow,sintetico
66,18,28.72000,72.09000,0,29.26200,70.99300,-1.12000,0.05000,-0.12444,0.00556,0,27.70000,cool_slow,sintetico
66,19,28.65000,72.34000,0,29.14300,71.02300,-1.09000,0.99000,-0.12111,0.11000,0,27.82000,cool_slow,sintetico
67,9,30.85000,71.82000,1,31.80100,72.11800,-2.04000,0.41000,-0.22667,0.04556,10,24.72000,cool_fast,sintetico
67,10,30.68000,71.17000,1,31.58000,72.09400,-1.88000,-0.76000,-0.20889,-0.08444,10,24.80000,cool_fast,sintetico
67,11,30.51000,71.64000,1,31.37500,72.06500,-1.87000,-0.84000,-0.20778,-0.09333,10,24.80000,cool_fast,sintetico
67,12,30.23000,71.35000,1,31.16000,71.95200,-1.97000,-0.98000,-0.21889,-0.10889,10,24.85000,cool_fast,sintetico
67,13,29.90000,71.79000,1,30.93000,71.89800,-1.99000,-0.88000,-0.22111,-0.09778,10,24.80000,cool_fast,sintetico
67,14,29.73000,71.24000,1,30.71400,71.75500,-1.90000,-1.08000,-0.21111,-0.12000,10,24.62000,cool_fast,sintetico
67,15,29.58000,70.50000,1,30.50900,71.57300,-1.89000,-1.81000,-0.21000,-0.20111,10,24.42000,cool_fast,sintetico
67,16,29.30000,69.62000,1,30.29200,71.30400,-1.80000,-2.48000,-0.20000,-0.27556,10,24.17000,cool_fast,sintetico
67,17,29.01000,70.29000,1,30.08300,71.12300,-2.03000,-1.52000,-0.22556,-0.16889,10,23.73000,cool_fast,sintetico
67,18,28.76000,70.46000,1,29.85500,70.98800,-2.09000,-1.36000,-0.23222,-0.15111,10,23.54000,cool_fast,sintetico
67,19,28.50000,70.80000,1,29.62000,70.88600,-2.18000,-0.37000,-0.24222,-0.04111,10,23.56000,cool_fast,sintetico
68,9,22.98000,79.80000,1,23.13100,80.12300,-0.29000,0.61000,-0.03222,0.06778,10,23.29000,presence_in,sintetico
68,10,22.83000,79.51000,1,23.08700,80.15500,-0.61000,0.96000,-0.06778,0.10667,10,23.41000,presence_in,sintetico
68,11,22.87000,79.36000,1,23.03000,80.23600,-0.54000,0.01000,-0.06000,0.00111,10,23.62000,presence_in,sintetico
68,12,22.88000,79.74000,1,22.97700,80.27500,-0.30000,0.09000,-0.03333,0.01000,10,23.86000,presence_in,sintetico
68,13,23.01000,79.57000,1,22.96000,80.26700,-0.24000,-1.17000,-0.02667,-0.13000,10,23.64000,presence_in,sintetico
68,14,22.88000,79.61000,1,22.92300,80.15400,-0.18000,-2.01000,-0.02000,-0.22333,10,23.57000,presence_in,sintetico
68,15,22.94000,78.81000,1,22.91100,79.87300,-0.05000,-2.57000,-0.00556,-0.28556,10,23.58000,presence_in,sintetico
68,16,22.83000,78.41000,1,22.89500,79.57600,-0.01000,-2.37000,-0.00111,-0.26333,10,23.49000,presence_in,sintetico
68,17,22.81000,78.00000,1,22.89200,79.29800,-0.08000,-2.17000,-0.00889,-0.24111,10,23.46000,presence_in,sintetico
68,18,22.89000,77.11000,1,22.89200,78.99200,-0.09000,-2.69000,-0.01000,-0.29889,10,23.52000,presence_in,sintetico
68,19,22.70000,76.93000,1,22.86400,78.70500,-0.13000,-2.58000,-0.01444,-0.28667,10,23.26000,presence_in,sintetico
69,9,24.35000,77.32000,1,24.34600,77.24100,-0.13000,1.05000,-0.01444,0.11667,4,24.64000,presence_long,sintetico
69,10,24.15000,77.78000,1,24.31300,77.39200,-0.33000,0.86000,-0.03667,0.09556,5,24.71000,presence_long,sintetico
69,11,24.08000,77.96000,1,24.27300,77.49600,-0.13000,0.72000,-0.01444,0.08000,6,24.73000,presence_long,sintetico
69,12,24.23000,77.24000,1,24.27500,77.49600,0.06000,0.50000,0.00667,0.05556,7,24.83000,presence_long,sintetico
69,13,24.23000,77.15000,1,24.28100,77.53700,0.02000,-0.27000,0.00222,-0.03000,8,24.86000,presence_long,sintetico
69,14,24.27000,77.83000,1,24.28700,77.57800,-0.07000,0.49000,-0.00778,0.05444,9,24.71000,presence_long,sintetico
69,15,24.11000,78.14000,1,24.26400,77.65800,-0.33000,0.32000,-0.03667,0.03556,10,24.74000,presence_long,sintetico
69,16,24.23000,78.04000,1,24.24300,77.68000,-0.20000,0.60000,-0.02222,0.06667,10,24.78000,presence_long,sintetico
69,17,24.22000,78.27000,1,24.22200,77.76300,-0.13000,0.37000,-0.01444,0.04111,10,24.87000,presence_long,sintetico
69,18,24.26000,78.59000,1,24.21300,77.83200,-0.09000,1.27000,-0.01000,0.14111,10,24.89000,presence_long,sintetico
69,19,24.33000,78.05000,1,24.21100,77.90500,0.18000,0.27000,0.02000,0.03000,10,25.11000,presence_long,sintetico
70,9,23.70000,52.33000,1,23.75600,50.51000,-0.05000,4.54000,-0.00556,0.50444,10,23.12000,humidity_up,sintetico
70,10,23.61000,53.57000,1,23.74200,51.08800,-0.19000,5.29000,-0.02111,0.58778,10,23.13000,humidity_up,sintetico
70,11,23.55000,54.01000,1,23.71700,51.66100,-0.32000,5.14000,-0.03556,0.57111,10,23.33000,humidity_up,sintetico
70,12,23.42000,55.02000,1,23.67200,52.27600,-0.43000,5.42000,-0.04778,0.60222,10,23.50000,humidity_up,sintetico
70,13,23.53000,55.98000,1,23.64000,52.91400,-0.27000,5.69000,-0.03000,0.63222,10,23.51000,humidity_up,sintetico
70,14,23.59000,56.57000,1,23.61900,53.54200,-0.23000,5.40000,-0.02556,0.60000,10,23.64000,humidity_up,sintetico
70,15,23.53000,56.67000,1,23.59000,54.09200,-0.22000,4.56000,-0.02444,0.50667,10,23.71000,humidity_up,sintetico
70,16,23.68000,57.64000,1,23.58300,54.64500,0.04000,5.29000,0.00444,0.58778,10,23.65000,humidity_up,sintetico
70,17,23.60000,58.21000,1,23.57900,55.23100,0.02000,5.90000,0.00222,0.65556,10,23.87000,humidity_up,sintetico
70,18,23.56000,58.14000,1,23.57700,55.81400,-0.14000,5.81000,-0.01556,0.64556,10,23.94000,humidity_up,sintetico
70,19,23.58000,58.46000,1,23.56500,56.42700,-0.03000,4.89000,-0.00333,0.54333,10,23.76000,humidity_up,sintetico
71,9,30.76000,73.67000,0,30.85000,75.25700,-0.27000,-2.92000,-0.03000,-0.32444,0,30.34000,humidity_down,sintetico
71,10,30.73000,72.99000,0,30.82000,74.89700,-0.21000,-3.68000,-0.02333,-0.40889,0,30.36000,humidity_down,sintetico
71,11,30.74000,72.48000,0,30.80000,74.47800,-0.09000,-3.40000,-0.01000,-0.37778,0,30.20000,humidity_down,sintetico
71,12,30.76000,71.60000,0,30.79300,74.05000,-0.22000,-3.75000,-0.02444,-0.41667,0,30.13000,humidity_down,sintetico
71,13,30.69000,70.98000,0,30.76400,73.61300,-0.10000,-4.12000,-0.01111,-0.45778,0,30.08000,humidity_down,sintetico
71,14,30.69000,70.19000,0,30.75400,73.12200,-0.06000,-5.21000,-0.00667,-0.57889,0,30.07000,humidity_down,sintetico
71,15,30.73000,68.64000,0,30.75200,72.44600,0.06000,-6.79000,0.00667,-0.75444,0,30.02000,humidity_down,sintetico
71,16,30.64000,67.94000,0,30.74900,71.69700,-0.25000,-6.47000,-0.02778,-0.71889,0,30.18000,humidity_down,sintetico
71,17,30.54000,68.28000,0,30.71400,71.08400,-0.32000,-5.79000,-0.03556,-0.64333,0,30.26000,humidity_down,sintetico
71,18,30.54000,67.83000,0,30.68200,70.46000,-0.22000,-5.84000,-0.02444,-0.64889,0,30.10000,humidity_down,sintetico
71,19,30.48000,67.27000,0,30.65400,69.82000,-0.25000,-5.72000,-0.02778,-0.63556,0,30.07000,humidity_down,sintetico
72,9,25.48000,48.10000,0,25.37500,49.39500,-0.01000,-1.67000,-0.00111,-0.18556,0,24.90000,stable,sintetico
72,10,25.48000,48.20000,0,25.37400,49.23800,0.09000,-1.62000,0.01000,-0.18000,0,24.89000,stable,sintetico
72,11,25.67000,47.38000,0,25.40200,48.99400,0.33000,-3.04000,0.03667,-0.33778,0,24.87000,stable,sintetico
72,12,25.56000,48.93000,0,25.42400,48.84500,0.24000,-1.87000,0.02667,-0.20778,0,24.78000,stable,sintetico
72,13,25.52000,47.89000,0,25.44400,48.55400,0.18000,-2.14000,0.02000,-0.23778,0,24.83000,stable,sintetico
72,14,25.45000,46.36000,0,25.45500,48.18700,0.12000,-2.99000,0.01333,-0.33222,0,24.93000,stable,sintetico
72,15,25.48000,46.81000,0,25.47000,47.93300,0.16000,-2.13000,0.01778,-0.23667,0,25.02000,stable,sintetico
72,16,25.37000,46.55000,0,25.47500,47.69400,0.00000,-1.65000,0.00000,-0.18333,0,25.07000,stable,sintetico
72,17,25.48000,45.59000,0,25.48600,47.43300,0.11000,-2.93000,0.01222,-0.32556,0,24.99000,stable,sintetico
72,18,25.33000,45.46000,0,25.48200,47.12700,-0.15000,-2.64000,-0.01667,-0.29333,0,25.07000,stable,sintetico
72,19,25.23000,45.30000,0,25.45700,46.84700,-0.25000,-2.90000,-0.02778,-0.32222,0,25.09000,stable,sintetico
73,9,31.36000,58.56000,0,31.28500,59.07300,0.06000,-1.30000,0.00667,-0.14444,0,33.51000,warm_slow,sintetico
73,10,31.16000,58.34000,0,31.27100,58.92100,0.16000,-1.38000,0.01778,-0.15333,0,33.50000,warm_slow,sintetico
73,11,31.22000,58.55000,0,31.29300,58.80400,0.12000,-1.51000,0.01333,-0.16778,0,33.51000,warm_slow,sintetico
73,12,31.19000,57.61000,0,31.30200,58.55900,-0.09000,-2.41000,-0.01000,-0.26778,0,33.40000,warm_slow,sintetico
73,13,31.15000,57.28000,0,31.28900,58.28500,-0.17000,-2.09000,-0.01889,-0.23222,0,33.49000,warm_slow,sintetico
73,14,31.12000,57.90000,0,31.26900,58.13800,-0.23000,-0.86000,-0.02556,-0.09556,0,33.62000,warm_slow,sintetico
73,15,31.04000,58.14000,0,31.23800,58.07600,-0.15000,-0.10000,-0.01667,-0.01111,0,33.75000,warm_slow,sintetico
73,16,31.11000,58.75000,0,31.23000,58.12700,-0.32000,0.58000,-0.03556,0.06444,0,33.87000,warm_slow,sintetico
73,17,31.16000,59.27000,0,31.20300,58.23700,-0.36000,1.30000,-0.04000,0.14444,0,33.90000,warm_slow,sintetico
73,18,31.20000,59.58000,0,31.17100,58.39800,-0.16000,1.02000,-0.01778,0.11333,0,33.96000,warm_slow,sintetico
73,19,31.08000,58.21000,0,31.14300,58.36300,-0.08000,-0.13000,-0.00889,-0.01444,0,34.02000,warm_slow,sintetico
74,9,31.95000,46.97000,0,31.20100,47.36200,1.36000,0.05000,0.15111,0.00556,0,36.29000,warm_fast,sintetico
74,10,32.05000,47.46000,0,31.34700,47.41600,1.21000,1.00000,0.13444,0.11111,0,36.39000,warm_fast,sintetico
74,11,32.19000,46.90000,0,31.48200,47.46000,1.34000,-0.73000,0.14889,-0.08111,0,36.53000,warm_fast,sintetico
74,12,32.57000,46.97000,0,31.65400,47.39400,1.67000,-1.37000,0.18556,-0.15222,0,36.80000,warm_fast,sintetico
74,13,32.72000,46.82000,0,31.83600,47.24200,1.65000,-1.37000,0.18333,-0.15222,0,36.99000,warm_fast,sintetico
74,14,33.02000,46.62000,0,32.03100,47.08500,1.79000,-0.93000,0.19889,-0.10333,0,37.27000,warm_fast,sintetico
74,15,33.00000,46.32000,0,32.20800,46.96200,1.61000,-0.72000,0.17889,-0.08000,0,37.44000,warm_fast,sintetico
74,16,33.31000,46.86000,0,32.40000,46.94400,1.81000,-0.77000,0.20111,-0.08556,0,37.57000,warm_fast,sintetico
74,17,33.44000,47.70000,0,32.59400,46.95100,1.75000,0.81000,0.19444,0.09000,0,37.68000,warm_fast,sintetico
74,18,33.69000,47.63000,0,32.79400,47.02500,1.74000,0.66000,0.19333,0.07333,0,37.81000,warm_fast,sintetico
74,19,33.83000,47.89000,0,32.98200,47.11700,1.78000,0.43000,0.19778,0.04778,0,37.95000,warm_fast,sintetico
75,9,27.48000,50.16000,0,28.08000,50.16100,-0.99000,0.02000,-0.11000,0.00222,0,25.23000,cool_slow,sintetico
75,10,27.63000,49.44000,0,27.99600,50.09100,-0.81000,-0.19000,-0.09000,-0.02111,0,25.24000,cool_slow,sintetico
75,11,27.50000,48.86000,0,27.90200,50.01400,-0.91000,-0.43000,-0.10111,-0.04778,0,25.21000,cool_slow,sintetico
75,12,27.38000,49.35000,0,27.79900,50.02000,-0.84000,-0.27000,-0.09333,-0.03000,0,25.29000,cool_slow,sintetico
75,13,27.49000,48.88000,0,27.72600,49.94600,-0.76000,-1.18000,-0.08444,-0.13111,0,25.20000,cool_slow,sintetico
75,14,27.35000,48.16000,0,27.63600,49.75600,-0.77000,-2.47000,-0.08556,-0.27444,0,25.13000,cool_slow,sintetico
75,15,27.44000,48.70000,0,27.56800,49.56300,-0.56000,-2.21000,-0.06222,-0.24556,0,25.38000,cool_slow,sintetico
75,16,27.37000,47.85000,0,27.50500,49.25700,-0.51000,-2.86000,-0.05667,-0.31778,0,25.31000,cool_slow,sintetico
75,17,27.15000,47.87000,0,27.43200,48.97300,-0.38000,-2.59000,-0.04222,-0.28778,0,25.28000,cool_slow,sintetico
75,18,27.16000,46.65000,0,27.39500,48.59200,-0.32000,-3.51000,-0.03556,-0.39000,0,25.20000,cool_slow,sintetico
75,19,27.06000,47.46000,0,27.35300,48.32200,-0.57000,-1.98000,-0.06333,-0.22000,0,25.01000,cool_slow,sintetico
76,9,30.71000,61.59000,1,31.51400,62.52500,-1.92000,-0.84000,-0.21333,-0.09333,10,25.75000,cool_fast,sintetico
76,10,30.59000,61.77000,1,31.31000,62.45900,-1.70000,-0.49000,-0.18889,-0.05444,10,25.58000,cool_fast,sintetico
76,11,30.32000,61.15000,1,31.11300,62.34800,-1.76000,-1.68000,-0.19556,-0.18667,10,25.40000,cool_fast,sintetico
76,12,30.24000,60.73000,1,30.92900,62.13800,-1.54000,-1.70000,-0.17111,-0.18889,10,25.17000,cool_fast,sintetico
76,13,29.75000,61.00000,1,30.72600,61.99500,-1.76000,-2.14000,-0.19556,-0.23778,10,25.10000,cool_fast,sintetico
76,14,29.47000,61.18000,1,30.52200,61.79900,-1.77000,-2.19000,-0.19667,-0.24333,10,25.00000,cool_fast,sintetico
76,15,29.48000,61.11000,1,30.34600,61.57300,-1.72000,-2.10000,-0.19111,-0.23333,10,24.93000,cool_fast,sintetico
76,16,29.44000,61.11000,1,30.17000,61.36300,-1.44000,-1.27000,-0.16000,-0.14111,10,24.87000,cool_fast,sintetico
76,17,29.47000,60.45000,1,30.02900,61.17000,-1.35000,-1.16000,-0.15000,-0.12889,10,24.89000,cool_fast,sintetico
76,18,29.31000,60.74000,1,29.87800,61.08300,-1.40000,-0.85000,-0.15556,-0.09444,10,24.56000,cool_fast,sintetico
76,19,29.12000,61.29000,1,29.71900,61.05300,-1.47000,-0.48000,-0.16333,-0.05333,10,24.23000,cool_fast,sintetico
77,9,28.71000,49.81000,0,28.93800,49.94000,-0.16000,-0.01000,-0.01778,-0.00111,0,28.28000,presence_in,sintetico
77,10,28.67000,49.72000,0,28.91800,49.93000,-0.13000,-1.01000,-0.01444,-0.11222,0,28.34000,presence_in,sintetico
77,11,28.47000,49.11000,0,28.88500,49.76800,-0.24000,-0.89000,-0.02667,-0.09889,0,28.41000,presence_in,sintetico
77,12,28.41000,48.74000,0,28.85500,49.64200,-0.40000,-1.15000,-0.04444,-0.12778,0,28.40000,presence_in,sintetico
77,13,28.43000,49.06000,1,28.81700,49.55900,-0.62000,-0.54000,-0.06889,-0.06000,1,28.33000,presence_in,sintetico
77,14,28.70000,49.05000,1,28.78200,49.50400,-0.45000,-1.14000,-0.05000,-0.12667,2,28.38000,presence_in,sintetico
77,15,28.83000,48.60000,1,28.75000,49.34500,-0.26000,-1.18000,-0.02889,-0.13111,3,28.41000,presence_in,sintetico
77,16,28.63000,48.40000,1,28.70400,49.20700,-0.55000,-1.70000,-0.06111,-0.18889,4,28.31000,presence_in,sintetico
77,17,28.44000,48.41000,1,28.63000,49.03800,-0.57000,-1.07000,-0.06333,-0.11889,5,28.33000,presence_in,sintetico
77,18,28.35000,47.34000,1,28.56400,48.82400,-0.36000,-2.47000,-0.04000,-0.27444,6,28.32000,presence_in,sintetico
77,19,28.56000,47.04000,1,28.54900,48.54700,-0.11000,-2.68000,-0.01222,-0.29778,7,28.27000,presence_in,sintetico
78,9,32.15000,62.21000,1,32.69600,61.45700,-0.82000,2.58000,-0.09111,0.28667,4,32.36000,presence_long,sintetico
78,10,32.01000,61.74000,1,32.60000,61.66800,-0.90000,0.98000,-0.10000,0.10889,5,32.39000,presence_long,sintetico
78,11,32.15000,62.06000,1,32.52400,61.79800,-0.61000,1.07000,-0.06778,0.11889,6,32.28000,presence_long,sintetico
78,12,32.28000,62.92000,1,32.47600,61.99100,-0.50000,1.75000,-0.05556,0.19444,7,32.45000,presence_long,sintetico
78,13,32.19000,63.74000,1,32.41700,62.24800,-0.74000,1.90000,-0.08222,0.21111,8,32.75000,presence_long,sintetico
78,14,32.01000,64.15000,1,32.32500,62.47900,-0.87000,2.20000,-0.09667,0.24444,9,32.63000,presence_long,sintetico
78,15,31.96000,63.64000,1,32.23300,62.64800,-0.70000,1.64000,-0.07778,0.18222,10,32.49000,presence_long,sintetico
78,16,32.03000,64.16000,1,32.17000,62.86400,-0.53000,2.26000,-0.05889,0.25111,10,32.48000,presence_long,sintetico
78,17,32.14000,64.28000,1,32.12800,63.10200,-0.22000,2.16000,-0.02444,0.24000,10,32.55000,presence_long,sintetico
78,18,32.16000,64.57000,1,32.10800,63.34700,0.01000,2.36000,0.00111,0.26222,10,32.51000,presence_long,sintetico
78,19,32.19000,64.87000,1,32.11200,63.61300,0.18000,3.13000,0.02000,0.34778,10,32.99000,presence_long,sintetico
79,9,22.12000,77.01000,0,22.14600,75.12100,0.09000,4.05000,0.01000,0.45000,0,22.28000,humidity_up,sintetico
79,10,22.07000,77.86000,0,22.15000,75.61100,0.11000,4.36000,0.01222,0.48444,0,22.14000,humidity_up,sintetico
79,11,21.93000,77.66000,0,22.14700,76.02700,-0.25000,2.92000,-0.02778,0.32444,0,22.12000,humidity_up,sintetico
79,12,22.02000,78.35000,0,22.13100,76.38800,-0.14000,3.73000,-0.01556,0.41444,0,22.34000,humidity_up,sintetico
79,13,22.13000,78.61000,0,22.12800,76.78700,-0.19000,3.47000,-0.02111,0.38556,0,22.14000,humidity_up,sintetico
79,14,22.04000,79.91000,0,22.10000,77.26400,-0.07000,3.82000,-0.00778,0.42444,0,22.21000,humidity_up,sintetico
79,15,21.86000,81.14000,0,22.07500,77.76900,-0.37000,5.84000,-0.04111,0.64889,0,22.06000,humidity_up,sintetico
79,16,22.01000,82.17000,0,22.05300,78.45600,-0.12000,6.38000,-0.01333,0.70889,0,21.93000,humidity_up,sintetico
79,17,21.93000,82.27000,0,22.03300,79.10400,-0.29000,6.21000,-0.03222,0.69000,0,21.96000,humidity_up,sintetico
79,18,21.91000,82.11000,0,22.00200,79.70900,-0.21000,5.10000,-0.02333,0.56667,0,22.16000,humidity_up,sintetico
79,19,21.79000,83.01000,0,21.96900,80.30900,-0.28000,5.15000,-0.03111,0.57222,0,22.10000,humidity_up,sintetico
80,9,28.24000,67.94000,1,28.48100,71.09400,-0.20000,-6.81000,-0.02222,-0.75667,10,28.61000,humidity_down,sintetico
80,10,28.34000,67.68000,1,28.47100,70.38700,-0.15000,-5.58000,-0.01667,-0.62000,10,28.70000,humidity_down,sintetico
80,11,28.19000,66.79000,1,28.44100,69.74000,-0.36000,-5.47000,-0.04000,-0.60778,10,28.75000,humidity_down,sintetico
80,12,28.08000,67.22000,1,28.39400,69.23600,-0.62000,-4.30000,-0.06889,-0.47778,10,28.70000,humidity_down,sintetico
80,13,28.19000,66.43000,1,28.34300,68.72700,-0.38000,-4.58000,-0.04222,-0.50889,10,28.79000,humidity_down,sintetico
80,14,28.26000,65.14000,1,28.31200,68.14000,-0.20000,-6.02000,-0.02222,-0.66889,10,28.67000,humidity_down,sintetico
80,15,28.18000,64.65000,1,28.28400,67.48900,-0.28000,-5.87000,-0.03111,-0.65222,10,28.59000,humidity_down,sintetico
80,16,28.23000,64.04000,1,28.26100,66.84100,-0.30000,-5.38000,-0.03333,-0.59778,10,28.57000,humidity_down,sintetico
80,17,28.26000,63.54000,1,28.23400,66.25300,-0.11000,-5.56000,-0.01222,-0.61778,10,28.52000,humidity_down,sintetico
80,18,28.24000,62.82000,1,28.22100,65.62500,0.00000,-5.12000,0.00000,-0.56889,10,28.59000,humidity_down,sintetico
80,19,28.19000,62.40000,1,28.21600,65.07100,-0.15000,-5.28000,-0.01667,-0.58667,10,28.58000,humidity_down,sintetico
81,9,31.32000,50.78000,1,31.21900,51.46900,-0.15000,-0.37000,-0.01667,-0.04111,10,30.57000,stable,sintetico
81,10,31.40000,50.70000,1,31.21200,51.42400,-0.13000,-0.62000,-0.01444,-0.06889,10,30.33000,stable,sintetico
81,11,31.18000,51.07000,1,31.17700,51.39900,-0.19000,-0.54000,-0.02111,-0.06000,10,30.50000,stable,sintetico
81,12,31.11000,51.37000,1,31.15100,51.37500,-0.09000,-0.58000,-0.01000,-0.06444,10,30.48000,stable,sintetico
81,13,31.08000,51.50000,1,31.13900,51.33000,-0.05000,-0.46000,-0.00556,-0.05111,10,30.50000,stable,sintetico
81,14,30.99000,51.98000,1,31.12500,51.33200,0.01000,-0.04000,0.00111,-0.00444,10,30.56000,stable,sintetico
81,15,30.85000,53.22000,1,31.11200,51.45200,-0.24000,1.64000,-0.02667,0.18222,10,30.51000,stable,sintetico
81,16,31.12000,54.11000,1,31.11500,51.70500,0.10000,2.28000,0.01111,0.25333,10,30.49000,stable,sintetico
81,17,31.27000,54.07000,1,31.14000,51.92900,0.19000,3.58000,0.02111,0.39778,10,30.54000,stable,sintetico
81,18,31.41000,54.01000,1,31.17300,52.28100,0.09000,3.23000,0.01000,0.35889,10,30.46000,stable,sintetico
81,19,31.22000,54.84000,1,31.16300,52.68700,-0.18000,4.14000,-0.02000,0.46000,10,30.33000,stable,sintetico
82,9,28.15000,54.13000,0,27.59300,54.19100,1.05000,-0.19000,0.11667,-0.02111,0,30.15000,warm_slow,sintetico
82,10,28.24000,54.86000,0,27.70700,54.24500,1.05000,0.05000,0.11667,0.00556,0,30.23000,warm_slow,sintetico
82,11,28.29000,55.24000,0,27.81700,54.28800,1.03000,1.26000,0.11444,0.14000,0,30.30000,warm_slow,sintetico
82,12,28.36000,55.38000,0,27.92700,54.42800,0.92000,1.37000,0.10222,0.15222,0,30.35000,warm_slow,sintetico
82,13,28.62000,56.12000,0,28.04500,54.63900,1.02000,1.65000,0.11333,0.18333,0,30.33000,warm_slow,sintetico
82,14,28.69000,56.32000,0,28.15400,54.82400,1.13000,2.28000,0.12556,0.25333,0,30.42000,warm_slow,sintetico
82,15,28.67000,56.31000,0,28.26500,55.05100,0.97000,2.35000,0.10778,0.26111,0,30.54000,warm_slow,sintetico
82,16,28.77000,56.86000,0,28.37200,55.34100,0.90000,2.92000,0.10000,0.32444,0,30.55000,warm_slow,sintetico
82,17,28.92000,56.33000,0,28.47700,55.58000,0.86000,2.08000,0.09556,0.23111,0,30.73000,warm_slow,sintetico
82,18,29.09000,56.36000,0,28.58000,55.79100,0.94000,2.23000,0.10444,0.24778,0,30.96000,warm_slow,sintetico
82,19,29.04000,57.17000,0,28.66900,56.09500,0.80000,2.31000,0.08889,0.25667,0,31.03000,warm_slow,sintetico
83,9,23.49000,56.74000,1,22.96400,57.68000,1.04000,-2.37000,0.11556,-0.26333,10,27.93000,warm_fast,sintetico
83,10,23.84000,56.64000,1,23.10300,57.43300,1.26000,-1.75000,0.14000,-0.19444,10,28.08000,warm_fast,sintetico
83,11,23.99000,58.08000,1,23.24400,57.40200,1.26000,-0.21000,0.14000,-0.02333,10,28.31000,warm_fast,sintetico
83,12,24.13000,58.47000,1,23.38400,57.42000,1.38000,0.30000,0.15333,0.03333,10,28.55000,warm_fast,sintetico
83,13,24.36000,58.95000,1,23.54500,57.49800,1.49000,1.04000,0.16556,0.11556,10,28.62000,warm_fast,sintetico
83,14,24.56000,59.14000,1,23.71400,57.62100,1.42000,2.20000,0.15778,0.24444,10,28.79000,warm_fast,sintetico
83,15,24.73000,58.90000,1,23.87300,57.81700,1.67000,1.88000,0.18556,0.20889,10,28.94000,warm_fast,sintetico
83,16,24.93000,60.10000,1,24.06000,58.12500,1.69000,2.77000,0.18778,0.30778,10,29.10000,warm_fast,sintetico
83,17,25.24000,60.34000,1,24.26000,58.42600,1.91000,3.44000,0.21222,0.38222,10,29.28000,warm_fast,sintetico
83,18,25.50000,59.94000,1,24.47700,58.73000,2.01000,3.20000,0.22333,0.35556,10,29.48000,warm_fast,sintetico
83,19,25.63000,60.55000,1,24.69100,59.11100,1.79000,3.91000,0.19889,0.43444,10,29.58000,warm_fast,sintetico
84,9,30.78000,84.18000,0,31.04500,84.97600,-0.88000,-0.24000,-0.09778,-0.02667,0,29.33000,cool_slow,sintetico
84,10,30.58000,84.00000,0,30.93700,84.93400,-0.90000,-1.54000,-0.10000,-0.17111,0,29.20000,cool_slow,sintetico
84,11,30.69000,84.02000,0,30.85800,84.78200,-0.67000,-1.17000,-0.07444,-0.13000,0,29.22000,cool_slow,sintetico
84,12,30.81000,83.53000,0,30.80300,84.61600,-0.45000,-1.63000,-0.05000,-0.18111,0,29.12000,cool_slow,sintetico
84,13,30.87000,83.09000,0,30.76400,84.40900,-0.29000,-1.92000,-0.03222,-0.21333,0,29.01000,cool_slow,sintetico
84,14,30.84000,83.13000,0,30.73200,84.22100,0.17000,-1.83000,0.01889,-0.20333,0,29.02000,cool_slow,sintetico
84,15,30.86000,83.19000,0,30.75100,84.04400,0.24000,-2.26000,0.02667,-0.25111,0,28.92000,cool_slow,sintetico
84,16,30.71000,83.59000,0,30.76000,83.85800,0.00000,-1.68000,0.00000,-0.18667,0,28.70000,cool_slow,sintetico
84,17,30.86000,83.19000,0,30.77500,83.65000,0.11000,-1.39000,0.01222,-0.15444,0,28.49000,cool_slow,sintetico
84,18,30.58000,83.39000,0,30.75800,83.53100,-0.20000,-0.79000,-0.02222,-0.08778,0,28.58000,cool_slow,sintetico
84,19,30.48000,83.23000,0,30.72800,83.43600,-0.10000,-0.77000,-0.01111,-0.08556,0,28.46000,cool_slow,sintetico
85,9,27.27000,53.74000,1,27.74300,53.08600,-0.93000,0.78000,-0.10333,0.08667,10,21.30000,cool_fast,sintetico
85,10,26.97000,54.03000,1,27.62000,53.19300,-1.00000,0.50000,-0.11111,0.05556,10,21.09000,cool_fast,sintetico
85,11,26.80000,54.10000,1,27.50300,53.25000,-1.02000,1.06000,-0.11333,0.11778,10,21.12000,cool_fast,sintetico
85,12,26.63000,53.88000,1,27.38400,53.33400,-1.18000,1.24000,-0.13111,0.13778,10,21.00000,cool_fast,sintetico
85,13,26.36000,54.24000,1,27.23900,53.49400,-1.46000,0.91000,-0.16222,0.10111,10,21.00000,cool_fast,sintetico
85,14,26.38000,53.85000,1,27.09500,53.54600,-1.29000,1.43000,-0.14333,0.15889,10,20.98000,cool_fast,sintetico
85,15,26.29000,54.01000,1,26.95700,53.70500,-1.49000,1.45000,-0.16556,0.16111,10,20.78000,cool_fast,sintetico
85,16,26.13000,53.09000,1,26.79200,53.75800,-1.45000,0.09000,-0.16111,0.01000,10,20.72000,cool_fast,sintetico
85,17,25.81000,52.58000,1,26.61500,53.71600,-1.70000,-1.06000,-0.18889,-0.11778,10,20.52000,cool_fast,sintetico
85,18,25.40000,53.27000,1,26.40400,53.67900,-1.87000,-0.47000,-0.20778,-0.05222,10,20.56000,cool_fast,sintetico
85,19,25.28000,53.18000,1,26.20500,53.62300,-1.69000,-0.85000,-0.18778,-0.09444,10,20.37000,cool_fast,sintetico
86,9,31.78000,55.92000,0,32.02900,56.12200,-0.06000,-1.50000,-0.00667,-0.16667,0,31.71000,presence_in,sintetico
86,10,31.64000,56.70000,0,32.00900,56.05000,-0.42000,-0.48000,-0.04667,-0.05333,0,31.56000,presence_in,sintetico
86,11,31.50000,55.80000,0,31.95300,55.91200,-0.55000,-0.69000,-0.06111,-0.07667,0,31.63000,presence_in,sintetico
86,12,31.52000,55.57000,0,31.90000,55.82000,-0.50000,-0.10000,-0.05556,-0.01111,0,31.74000,presence_in,sintetico
86,13,31.34000,55.86000,1,31.83200,55.83900,-0.77000,-0.04000,-0.08556,-0.00444,1,31.72000,presence_in,sintetico
86,14,31.10000,55.29000,1,31.73100,55.77800,-0.98000,-0.55000,-0.10889,-0.06111,2,31.98000,presence_in,sintetico
86,15,31.03000,55.73000,1,31.62600,55.76700,-1.14000,0.51000,-0.12667,0.05667,3,31.81000,presence_in,sintetico
86,16,31.19000,56.34000,1,31.52800,55.87900,-1.01000,0.74000,-0.11222,0.08222,4,32.00000,presence_in,sintetico
86,17,31.17000,55.00000,1,31.42500,55.81900,-0.81000,-0.98000,-0.09000,-0.10889,5,32.12000,presence_in,sintetico
86,18,31.22000,55.81000,1,31.34900,55.80200,-0.56000,-0.11000,-0.06222,-0.01222,6,32.06000,presence_in,sintetico
86,19,31.36000,56.06000,1,31.30700,55.81600,-0.28000,-0.64000,-0.03111,-0.07111,7,32.15000,presence_in,sintetico
87,9,26.34000,78.29000,1,26.39200,79.22900,0.03000,-1.02000,0.00333,-0.11333,4,25.23000,presence_long,sintetico
87,10,26.54000,78.86000,1,26.41500,79.18400,0.16000,-0.74000,0.01778,-0.08222,5,25.23000,presence_long,sintetico
87,11,26.34000,79.61000,1,26.41100,79.18500,-0.01000,0.61000,-0.00111,0.06778,6,25.03000,presence_long,sintetico
87,12,26.50000,78.96000,1,26.42600,79.18100,0.08000,-0.38000,0.00889,-0.04222,7,25.21000,presence_long,sintetico
87,13,26.20000,78.92000,1,26.40400,79.13900,-0.33000,-0.59000,-0.03667,-0.06556,8,25.22000,presence_long,sintetico
87,14,26.33000,79.80000,1,26.38400,79.16800,-0.06000,-0.09000,-0.00667,-0.01000,9,25.23000,presence_long,sintetico
87,15,26.23000,80.76000,1,26.36800,79.25500,-0.16000,1.13000,-0.01778,0.12556,10,25.37000,presence_long,sintetico
87,16,25.96000,80.56000,1,26.32500,79.34800,-0.39000,1.31000,-0.04333,0.14556,10,25.43000,presence_long,sintetico
87,17,25.91000,81.19000,1,26.28100,79.54200,-0.55000,2.72000,-0.06111,0.30222,10,25.13000,presence_long,sintetico
87,18,26.07000,81.72000,1,26.24200,79.86700,-0.27000,3.43000,-0.03000,0.38111,10,25.31000,presence_long,sintetico
87,19,25.90000,82.19000,1,26.19800,80.25700,-0.64000,3.33000,-0.07111,0.37000,10,25.27000,presence_long,sintetico
88,9,34.49000,84.14000,1,34.01800,80.80200,0.51000,7.93000,0.05667,0.88111,10,34.62000,humidity_up,sintetico
88,10,34.66000,84.14000,1,34.08600,81.59500,0.75000,7.16000,0.08333,0.79556,10,34.75000,humidity_up,sintetico
88,11,34.59000,85.00000,1,34.15400,82.39700,0.66000,6.29000,0.07333,0.69889,10,34.74000,humidity_up,sintetico
88,12,34.74000,84.92000,1,34.23500,83.01800,0.76000,5.03000,0.08444,0.55889,10,34.80000,humidity_up,sintetico
88,13,34.67000,85.52000,1,34.30400,83.58100,0.82000,4.79000,0.09111,0.53222,10,34.82000,humidity_up,sintetico
88,14,34.65000,86.54000,1,34.38400,84.16200,0.88000,5.04000,0.09778,0.56000,10,34.87000,humidity_up,sintetico
88,15,35.06000,87.32000,1,34.51300,84.74400,1.21000,5.25000,0.13444,0.58333,10,34.70000,humidity_up,sintetico
88,16,34.98000,87.16000,1,34.62600,85.25300,0.84000,3.75000,0.09333,0.41667,10,34.69000,humidity_up,sintetico
88,17,34.94000,87.19000,1,34.70600,85.63100,0.66000,2.81000,0.07333,0.31222,10,34.79000,humidity_up,sintetico
88,18,34.99000,87.99000,1,34.77700,85.99200,0.50000,3.85000,0.05556,0.42778,10,34.75000,humidity_up,sintetico
88,19,34.94000,89.63000,1,34.82200,86.54100,0.28000,5.49000,0.03111,0.61000,10,34.65000,humidity_up,sintetico
89,9,29.12000,40.59000,1,29.32800,42.95100,-0.36000,-5.30000,-0.04000,-0.58889,10,28.48000,humidity_down,sintetico
89,10,29.00000,40.00000,1,29.28000,42.36200,-0.53000,-4.25000,-0.05889,-0.47222,10,28.74000,humidity_down,sintetico
89,11,29.06000,40.00000,1,29.23300,41.93700,-0.39000,-3.96000,-0.04333,-0.44000,10,28.78000,humidity_down,sintetico
89,12,28.84000,40.00000,1,29.17200,41.54100,-0.48000,-3.63000,-0.05333,-0.40333,10,28.74000,humidity_down,sintetico
89,13,28.97000,40.00000,1,29.13700,41.17800,-0.29000,-3.07000,-0.03222,-0.34111,10,28.68000,humidity_down,sintetico
89,14,28.92000,40.00000,1,29.10300,40.87100,-0.41000,-3.04000,-0.04556,-0.33778,10,28.57000,humidity_down,sintetico
89,15,28.93000,40.00000,1,29.06300,40.56700,-0.41000,-2.04000,-0.04556,-0.22667,10,28.18000,humidity_down,sintetico
89,16,28.94000,40.00000,1,29.02300,40.36300,-0.35000,-1.84000,-0.03889,-0.20444,10,28.17000,humidity_down,sintetico
89,17,28.81000,40.00000,1,28.97500,40.17900,-0.35000,-1.20000,-0.03889,-0.13333,10,28.28000,humidity_down,sintetico
89,18,28.87000,40.00000,1,28.94600,40.05900,-0.25000,-0.59000,-0.02778,-0.06556,10,28.11000,humidity_down,sintetico
89,19,28.88000,40.37000,1,28.92200,40.03700,-0.12000,0.37000,-0.01333,0.04111,10,27.94000,humidity_down,sintetico
90,9,30.76000,67.44000,1,30.90800,67.11000,-0.50000,0.10000,-0.05556,0.01111,10,30.36000,stable,sintetico
90,10,30.84000,66.41000,1,30.86600,67.01700,-0.31000,-0.80000,-0.03444,-0.08889,10,30.25000,stable,sintetico
90,11,30.93000,66.39000,1,30.84400,66.93500,-0.13000,-0.15000,-0.01444,-0.01667,10,30.24000,stable,sintetico
90,12,30.87000,66.26000,1,30.82500,66.90700,-0.09000,0.35000,-0.01000,0.03889,10,30.25000,stable,sintetico
90,13,30.85000,66.98000,1,30.81400,67.01400,-0.06000,0.83000,-0.00667,0.09222,10,30.23000,stable,sintetico
90,14,31.24000,67.65000,1,30.84700,67.16400,0.32000,0.42000,0.03556,0.04667,10,30.07000,stable,sintetico
90,15,31.17000,68.00000,1,30.87200,67.24100,0.51000,0.51000,0.05667,0.05667,10,29.97000,stable,sintetico
90,16,31.25000,67.49000,1,30.93100,67.24100,0.59000,-0.45000,0.06556,-0.05000,10,29.95000,stable,sintetico
90,17,31.10000,67.45000,1,30.97500,67.19200,0.36000,-0.40000,0.04000,-0.04444,10,29.97000,stable,sintetico
90,18,31.20000,66.57000,1,31.02100,67.06400,0.44000,-0.87000,0.04889,-0.09667,10,29.90000,stable,sintetico
90,19,31.11000,66.88000,1,31.05600,67.00800,0.27000,0.47000,0.03000,0.05222,10,29.61000,stable,sintetico
91,9,25.20000,74.00000,0,25.12500,74.35600,0.37000,-0.57000,0.04111,-0.06333,0,27.17000,warm_slow,sintetico
91,10,25.18000,73.82000,0,25.16000,74.28100,0.09000,-1.22000,0.01000,-0.13556,0,27.31000,warm_slow,sintetico
91,11,25.22000,73.48000,0,25.17300,74.12500,0.03000,-0.62000,0.00333,-0.06889,0,27.15000,warm_slow,sintetico
91,12,25.28000,73.41000,0,25.18200,74.05600,0.01000,-0.47000,0.00111,-0.05222,0,27.03000,warm_slow,sintetico
91,13,25.26000,74.36000,0,25.18100,74.10400,0.03000,0.32000,0.00333,0.03556,0,26.90000,warm_slow,sintetico
91,14,25.37000,74.23000,0,25.19500,74.12300,0.13000,-0.37000,0.01444,-0.04111,0,27.01000,warm_slow,sintetico
91,15,25.45000,73.75000,0,25.21600,74.03800,0.39000,-0.97000,0.04333,-0.10778,0,26.89000,warm_slow,sintetico
91,16,25.46000,73.65000,0,25.25600,73.93100,0.44000,-0.92000,0.04889,-0.10222,0,26.83000,warm_slow,sintetico
91,17,25.37000,73.94000,0,25.29100,73.86800,0.25000,-0.10000,0.02778,-0.01111,0,26.86000,warm_slow,sintetico
91,18,25.37000,73.83000,0,25.31600,73.84700,0.17000,-0.17000,0.01889,-0.01889,0,26.98000,warm_slow,sintetico
91,19,25.36000,75.54000,0,25.33200,74.00100,0.18000,1.72000,0.02000,0.19111,0,27.00000,warm_slow,sintetico
92,9,24.53000,76.82000,1,23.78500,77.86100,1.25000,-2.79000,0.13889,-0.31000,10,28.66000,warm_fast,sintetico
92,10,24.59000,76.59000,1,23.91600,77.55900,1.29000,-2.39000,0.14333,-0.26556,10,28.79000,warm_fast,sintetico
92,11,24.65000,76.18000,1,24.05100,77.27900,1.29000,-2.35000,0.14333,-0.26111,10,28.94000,warm_fast,sintetico
92,12,24.86000,76.10000,1,24.20100,77.03600,1.39000,-1.97000,0.15444,-0.21889,10,29.14000,warm_fast,sintetico
92,13,25.27000,76.87000,1,24.38100,76.91600,1.56000,-0.85000,0.17333,-0.09444,10,29.50000,warm_fast,sintetico
92,14,25.59000,77.32000,1,24.56900,76.87600,1.83000,-0.26000,0.20333,-0.02889,10,29.60000,warm_fast,sintetico
92,15,25.70000,77.73000,1,24.76300,76.89100,1.66000,-0.05000,0.18444,-0.00556,10,29.84000,warm_fast,sintetico
92,16,25.82000,78.71000,1,24.94100,76.98400,1.63000,1.64000,0.18111,0.18222,10,30.01000,warm_fast,sintetico
92,17,26.02000,78.93000,1,25.12400,77.17000,1.81000,2.48000,0.20111,0.27556,10,30.10000,warm_fast,sintetico
92,18,26.20000,79.97000,1,25.32300,77.52200,1.67000,3.15000,0.18556,0.35000,10,30.32000,warm_fast,sintetico
92,19,26.19000,81.06000,1,25.48900,77.94600,1.60000,4.47000,0.17778,0.49667,10,30.45000,warm_fast,sintetico
93,9,23.14000,80.17000,0,23.29900,81.14700,-0.42000,-2.27000,-0.04667,-0.25222,0,22.10000,cool_slow,sintetico
93,10,22.98000,79.83000,0,23.24100,80.88600,-0.55000,-1.68000,-0.06111,-0.18667,0,22.23000,cool_slow,sintetico
93,11,22.99000,80.38000,0,23.18700,80.77300,-0.36000,0.06000,-0.04000,0.00667,0,22.01000,cool_slow,sintetico
93,12,23.26000,80.04000,0,23.17800,80.74500,-0.01000,-1.09000,-0.00111,-0.12111,0,22.05000,cool_slow,sintetico
93,13,23.15000,80.29000,0,23.16600,80.66100,-0.04000,-1.11000,-0.00444,-0.12333,0,22.14000,cool_slow,sintetico
93,14,23.01000,80.13000,0,23.14800,80.53400,-0.40000,-1.41000,-0.04444,-0.15667,0,22.15000,cool_slow,sintetico
93,15,22.90000,78.61000,0,23.09700,80.24100,-0.36000,-2.51000,-0.04000,-0.27889,0,21.93000,cool_slow,sintetico
93,16,22.85000,78.43000,0,23.05600,79.97200,-0.35000,-2.26000,-0.03889,-0.25111,0,21.80000,cool_slow,sintetico
93,17,22.94000,78.35000,0,23.03000,79.73800,-0.14000,-2.80000,-0.01556,-0.31111,0,21.75000,cool_slow,sintetico
93,18,22.73000,78.13000,0,22.99500,79.43600,-0.41000,-2.04000,-0.04556,-0.22667,0,21.68000,cool_slow,sintetico
93,19,22.42000,77.38000,0,22.92300,79.15700,-0.56000,-2.45000,-0.06222,-0.27222,0,21.29000,cool_slow,sintetico
94,9,21.93000,46.89000,1,22.57600,47.69000,-1.38000,-1.93000,-0.15333,-0.21444,10,20.00000,cool_fast,sintetico
94,10,21.97000,47.22000,1,22.44200,47.53000,-1.18000,-1.81000,-0.13111,-0.20111,10,20.00000,cool_fast,sintetico
94,11,21.89000,48.38000,1,22.31600,47.46500,-1.10000,-0.14000,-0.12222,-0.01556,10,20.00000,cool_fast,sintetico
94,12,21.45000,48.04000,1,22.16200,47.41700,-1.32000,0.22000,-0.14667,0.02444,10,20.00000,cool_fast,sintetico
94,13,21.40000,47.78000,1,22.02500,47.41300,-1.27000,0.03000,-0.14111,0.00333,10,20.00000,cool_fast,sintetico
94,14,21.38000,47.67000,1,21.89600,47.40500,-1.09000,0.31000,-0.12111,0.03444,10,20.00000,cool_fast,sintetico
94,15,21.24000,47.44000,1,21.77300,47.41300,-1.13000,-0.27000,-0.12556,-0.03000,10,20.00000,cool_fast,sintetico
94,16,21.02000,47.06000,1,21.63800,47.34800,-1.05000,0.14000,-0.11667,0.01556,10,20.00000,cool_fast,sintetico
94,17,20.89000,46.56000,1,21.52000,47.31200,-1.14000,0.48000,-0.12667,0.05333,10,20.00000,cool_fast,sintetico
94,18,20.84000,46.84000,1,21.40100,47.38800,-1.09000,-0.05000,-0.12111,-0.00556,10,20.00000,cool_fast,sintetico
94,19,20.82000,46.14000,1,21.29000,47.31300,-1.15000,-1.08000,-0.12778,-0.12000,10,20.12000,cool_fast,sintetico
95,9,24.01000,83.92000,1,23.73200,84.60400,0.29000,-0.07000,0.03222,-0.00778,10,22.61000,presence_in,sintetico
95,10,24.09000,83.25000,1,23.76900,84.53000,0.55000,-2.29000,0.06111,-0.25444,10,22.63000,presence_in,sintetico
95,11,24.29000,82.81000,1,23.84400,84.25700,0.81000,-2.46000,0.09000,-0.27333,10,22.68000,presence_in,sintetico
95,12,24.50000,83.92000,1,23.94600,84.12200,0.90000,-2.35000,0.10000,-0.26111,10,22.68000,presence_in,sintetico
95,13,24.56000,84.49000,1,24.04200,83.94400,0.82000,-1.12000,0.09111,-0.12444,10,22.55000,presence_in,sintetico
95,14,24.19000,84.38000,1,24.08700,83.82100,0.43000,-0.19000,0.04778,-0.02111,10,22.39000,presence_in,sintetico
95,15,24.32000,84.89000,1,24.14300,83.85300,0.45000,1.22000,0.05000,0.13556,10,22.40000,presence_in,sintetico
95,16,24.18000,84.73000,1,24.17400,83.95900,0.41000,1.06000,0.04556,0.11778,10,22.77000,presence_in,sintetico
95,17,23.87000,84.95000,1,24.18400,84.08700,0.04000,1.42000,0.00444,0.15778,10,22.75000,presence_in,sintetico
95,18,23.65000,85.57000,1,24.16600,84.29100,-0.36000,1.65000,-0.04000,0.18333,10,22.71000,presence_in,sintetico
95,19,23.79000,85.31000,1,24.14400,84.43000,-0.30000,2.06000,-0.03333,0.22889,10,22.81000,presence_in,sintetico
96,9,26.44000,83.90000,1,26.50500,83.74800,-0.24000,0.71000,-0.02667,0.07889,4,25.96000,presence_long,sintetico
96,10,26.24000,84.15000,1,26.46100,83.84400,-0.45000,0.65000,-0.05000,0.07222,5,25.76000,presence_long,sintetico
96,11,26.15000,84.27000,1,26.40700,83.92100,-0.51000,0.91000,-0.05667,0.10111,6,25.70000,presence_long,sintetico
96,12,26.17000,83.23000,1,26.35800,83.90800,-0.28000,-0.43000,-0.03111,-0.04778,7,25.92000,presence_long,sintetico
96,13,26.18000,83.52000,1,26.33100,83.89400,-0.19000,-0.55000,-0.02111,-0.06111,8,25.81000,presence_long,sintetico
96,14,26.25000,83.58000,1,26.31900,83.84500,-0.28000,-0.39000,-0.03111,-0.04333,9,25.92000,presence_long,sintetico
96,15,26.01000,84.28000,1,26.26700,83.87600,-0.39000,0.32000,-0.04333,0.03556,10,25.87000,presence_long,sintetico
96,16,26.06000,83.62000,1,26.23300,83.84200,-0.39000,-0.16000,-0.04333,-0.01778,10,25.87000,presence_long,sintetico
96,17,25.97000,83.75000,1,26.18500,83.83900,-0.41000,-0.34000,-0.04556,-0.03778,10,25.69000,presence_long,sintetico
96,18,26.05000,83.48000,1,26.15200,83.77800,-0.39000,-0.42000,-0.04333,-0.04667,10,25.66000,presence_long,sintetico
96,19,26.15000,82.49000,1,26.12300,83.63700,-0.09000,-1.66000,-0.01000,-0.18444,10,25.69000,presence_long,sintetico
97,9,27.67000,64.34000,0,27.85700,59.52800,-0.35000,6.87000,-0.03889,0.76333,0,27.82000,humidity_up,sintetico
97,10,27.57000,63.92000,0,27.81200,60.17300,-0.52000,6.35000,-0.05778,0.70556,0,27.68000,humidity_up,sintetico
97,11,27.57000,64.32000,0,27.76000,60.84800,-0.36000,6.76000,-0.04000,0.75111,0,27.65000,humidity_up,sintetico
97,12,27.65000,65.46000,0,27.73200,61.63800,-0.31000,7.40000,-0.03444,0.82222,0,27.65000,humidity_up,sintetico
97,13,27.64000,65.88000,0,27.70000,62.42000,-0.07000,7.49000,-0.00778,0.83222,0,27.80000,humidity_up,sintetico
97,14,27.71000,66.29000,0,27.70000,63.21000,-0.14000,7.59000,-0.01556,0.84333,0,27.77000,humidity_up,sintetico
97,15,27.66000,67.41000,0,27.68100,64.08100,-0.17000,7.59000,-0.01889,0.84333,0,27.68000,humidity_up,sintetico
97,16,27.82000,68.55000,0,27.68000,64.95400,-0.10000,7.62000,-0.01111,0.84667,0,27.72000,humidity_up,sintetico
97,17,27.80000,67.93000,0,27.66800,65.65400,0.21000,5.49000,0.02333,0.61000,0,27.78000,humidity_up,sintetico
97,18,27.78000,68.06000,0,27.68700,66.21600,0.11000,3.72000,0.01222,0.41333,0,27.69000,humidity_up,sintetico
97,19,27.76000,68.24000,0,27.69600,66.60600,0.19000,4.32000,0.02111,0.48000,0,27.57000,humidity_up,sintetico
98,9,24.22000,44.25000,0,24.36100,47.27700,-0.22000,-5.85000,-0.02444,-0.65000,0,22.65000,humidity_down,sintetico
98,10,24.12000,42.49000,0,24.32900,46.51600,-0.58000,-6.87000,-0.06444,-0.76333,0,22.60000,humidity_down,sintetico
98,11,24.17000,41.44000,0,24.27600,45.72400,-0.33000,-7.94000,-0.03667,-0.88222,0,22.70000,humidity_down,sintetico
98,12,24.25000,40.48000,0,24.25100,44.83400,-0.03000,-7.94000,-0.00333,-0.88222,0,22.54000,humidity_down,sintetico
98,13,24.14000,40.01000,0,24.23700,43.99300,-0.20000,-7.80000,-0.02222,-0.86667,0,22.62000,humidity_down,sintetico
98,14,24.42000,40.00000,0,24.24500,43.21200,0.10000,-6.61000,0.01111,-0.73444,0,22.79000,humidity_down,sintetico
98,15,24.44000,40.00000,0,24.25700,42.55100,0.12000,-6.62000,0.01333,-0.73556,0,22.78000,humidity_down,sintetico
98,16,24.23000,40.00000,0,24.24800,41.88900,-0.09000,-5.61000,-0.01000,-0.62333,0,22.64000,humidity_down,sintetico
98,17,23.92000,40.40000,0,24.20800,41.36800,-0.25000,-4.21000,-0.02778,-0.46778,0,22.69000,humidity_down,sintetico
98,18,24.11000,40.07000,0,24.20200,40.91400,-0.11000,-4.18000,-0.01222,-0.46444,0,22.68000,humidity_down,sintetico
98,19,24.12000,40.00000,0,24.19200,40.48900,0.00000,-2.49000,0.00000,-0.27667,0,22.71000,humidity_down,sintetico
99,9,30.01000,46.18000,1,29.73700,46.11000,0.69000,0.25000,0.07667,0.02778,10,28.63000,stable,sintetico
99,10,29.80000,46.64000,1,29.78500,46.18100,0.55000,0.82000,0.06111,0.09111,10,28.62000,stable,sintetico
99,11,29.68000,46.38000,1,29.82800,46.23700,0.12000,0.46000,0.01333,0.05111,10,28.67000,stable,sintetico
99,12,29.66000,46.40000,1,29.83800,46.28500,0.04000,0.86000,0.00444,0.09556,10,28.52000,stable,sintetico
99,13,29.62000,46.36000,1,29.83800,46.36700,-0.12000,0.41000,-0.01333,0.04556,10,28.55000,stable,sintetico
99,14,29.61000,46.12000,1,29.82500,46.38400,-0.22000,0.05000,-0.02444,0.00556,10,28.56000,stable,sintetico
99,15,29.52000,46.71000,1,29.79400,46.44800,-0.43000,-0.06000,-0.04778,-0.00667,10,28.68000,stable,sintetico
99,16,29.27000,46.60000,1,29.72600,46.43100,-0.72000,-0.11000,-0.08000,-0.01222,10,28.59000,stable,sintetico
99,17,29.21000,46.83000,1,29.64800,46.44300,-0.89000,0.62000,-0.09889,0.06889,10,28.73000,stable,sintetico
99,18,29.03000,46.55000,1,29.54100,46.47700,-0.98000,0.37000,-0.10889,0.04111,10,28.82000,stable,sintetico
99,19,29.02000,47.14000,1,29.44200,46.57300,-0.78000,0.50000,-0.08667,0.05556,10,28.80000,stable,sintetico
100,9,24.14000,49.54000,0,23.84000,49.16900,0.53000,1.73000,0.05889,0.19222,0,25.79000,warm_slow,sintetico
100,10,24.26000,49.86000,0,23.90500,49.37400,0.76000,1.60000,0.08444,0.17778,0,26.01000,warm_slow,sintetico
100,11,24.25000,50.29000,0,23.98000,49.57700,0.77000,2.14000,0.08556,0.23778,0,25.98000,warm_slow,sintetico
100,12,24.25000,50.13000,0,24.05700,49.77500,0.49000,1.35000,0.05444,0.15000,0,26.13000,warm_slow,sintetico
100,13,24.25000,50.83000,0,24.10600,49.98000,0.36000,1.76000,0.04000,0.19556,0,26.16000,warm_slow,sintetico
100,14,24.27000,51.67000,0,24.14400,50.24000,0.34000,1.42000,0.03778,0.15778,0,26.24000,warm_slow,sintetico
100,15,24.55000,51.34000,0,24.20600,50.34900,0.47000,1.42000,0.05222,0.15778,0,26.22000,warm_slow,sintetico
100,16,24.26000,51.99000,0,24.22400,50.55600,0.28000,1.68000,0.03111,0.18667,0,26.27000,warm_slow,sintetico
100,17,24.28000,51.60000,0,24.25400,50.68500,0.25000,2.00000,0.02778,0.22222,0,26.43000,warm_slow,sintetico
100,18,24.27000,51.45000,0,24.27800,50.87000,0.13000,1.91000,0.01444,0.21222,0,26.68000,warm_slow,sintetico
100,19,24.48000,51.62000,0,24.31200,51.07800,0.22000,1.76000,0.02444,0.19556,0,26.72000,warm_slow,sintetico
101,9,23.57000,78.11000,1,23.29400,77.04900,0.44000,0.63000,0.04889,0.07000,10,28.22000,warm_fast,sintetico
101,10,23.92000,78.18000,1,23.37300,77.11900,0.72000,1.63000,0.08000,0.18111,10,28.45000,warm_fast,sintetico
101,11,24.13000,77.85000,1,23.46600,77.24900,0.98000,1.52000,0.10889,0.16889,10,28.74000,warm_fast,sintetico
101,12,24.13000,77.59000,1,23.56400,77.37500,0.90000,1.30000,0.10000,0.14444,10,29.02000,warm_fast,sintetico
101,13,24.55000,78.02000,1,23.69600,77.54800,1.43000,1.70000,0.15889,0.18889,10,28.96000,warm_fast,sintetico
101,14,24.74000,77.56000,1,23.85800,77.67200,1.34000,0.27000,0.14889,0.03000,10,29.02000,warm_fast,sintetico
101,15,25.01000,76.90000,1,24.01900,77.63300,1.67000,-0.03000,0.18556,-0.00333,10,29.07000,warm_fast,sintetico
101,16,24.98000,76.67000,1,24.18300,77.60700,1.59000,-0.42000,0.17667,-0.04667,10,29.30000,warm_fast,sintetico
101,17,25.38000,77.79000,1,24.38200,77.67700,1.97000,-0.31000,0.21889,-0.03444,10,29.26000,warm_fast,sintetico
101,18,25.49000,77.50000,1,24.59000,77.61700,1.92000,-0.61000,0.21333,-0.06778,10,29.32000,warm_fast,sintetico
101,19,25.45000,77.63000,1,24.77800,77.56900,1.53000,-0.55000,0.17000,-0.06111,10,29.46000,warm_fast,sintetico
102,9,27.08000,72.24000,0,27.26000,70.72000,-0.40000,2.98000,-0.04444,0.33111,0,25.52000,cool_slow,sintetico
102,10,27.08000,72.79000,0,27.22000,71.07300,-0.31000,3.74000,-0.03444,0.41556,0,25.41000,cool_slow,sintetico
102,11,27.06000,72.46000,0,27.18700,71.41400,-0.21000,2.98000,-0.02333,0.33111,0,25.10000,cool_slow,sintetico
102,12,26.96000,71.65000,0,27.15600,71.63100,-0.28000,1.68000,-0.03111,0.18667,0,25.21000,cool_slow,sintetico
102,13,27.10000,71.27000,0,27.14200,71.76100,-0.24000,1.13000,-0.02667,0.12556,0,25.13000,cool_slow,sintetico
102,14,27.15000,71.34000,0,27.12300,71.88100,-0.07000,0.71000,-0.00778,0.07889,0,24.99000,cool_slow,sintetico
102,15,27.13000,71.20000,0,27.11400,71.93800,-0.09000,-0.79000,-0.01000,-0.08778,0,24.77000,cool_slow,sintetico
102,16,26.97000,70.59000,0,27.08900,71.79800,-0.22000,-1.70000,-0.02444,-0.18889,0,24.78000,cool_slow,sintetico
102,17,27.12000,70.57000,0,27.08200,71.62600,-0.05000,-1.58000,-0.00556,-0.17556,0,24.60000,cool_slow,sintetico
102,18,27.20000,71.25000,0,27.08500,71.53600,0.12000,-0.99000,0.01333,-0.11000,0,24.62000,cool_slow,sintetico
102,19,27.09000,71.40000,0,27.08600,71.45200,0.01000,-1.39000,0.00111,-0.15444,0,24.41000,cool_slow,sintetico
103,9,23.63000,66.42000,1,24.14600,67.81000,-1.27000,-2.43000,-0.14111,-0.27000,10,20.00000,cool_fast,sintetico
103,10,23.39000,66.13000,1,23.99500,67.53800,-1.44000,-2.46000,-0.16000,-0.27333,10,20.00000,cool_fast,sintetico
103,11,23.24000,65.23000,1,23.83600,67.20200,-1.32000,-3.79000,-0.14667,-0.42111,10,20.22000,cool_fast,sintetico
103,12,23.03000,65.86000,1,23.68300,66.88600,-1.31000,-3.18000,-0.14556,-0.35333,10,20.00000,cool_fast,sintetico
103,13,22.93000,65.69000,1,23.54200,66.55100,-1.06000,-2.96000,-0.11778,-0.32889,10,20.05000,cool_fast,sintetico
103,14,22.78000,65.93000,1,23.42100,66.27900,-1.17000,-2.24000,-0.13000,-0.24889,10,20.06000,cool_fast,sintetico
103,15,22.72000,65.54000,1,23.29800,66.01600,-1.17000,-1.27000,-0.13000,-0.14111,10,20.05000,cool_fast,sintetico
103,16,22.74000,66.19000,1,23.18300,65.95400,-0.92000,-0.45000,-0.10222,-0.05000,10,20.00000,cool_fast,sintetico
103,17,22.66000,65.64000,1,23.08300,65.85400,-1.05000,-0.27000,-0.11667,-0.03000,10,20.01000,cool_fast,sintetico
103,18,22.38000,65.38000,1,22.95000,65.80100,-1.25000,-1.04000,-0.13889,-0.11556,10,20.00000,cool_fast,sintetico
103,19,22.23000,64.33000,1,22.81000,65.59200,-1.16000,-1.80000,-0.12889,-0.20000,10,20.00000,cool_fast,sintetico
104,9,22.98000,72.54000,1,23.05100,72.73200,0.09000,-0.33000,0.01000,-0.03667,10,22.62000,presence_in,sintetico
104,10,22.95000,71.46000,1,23.05700,72.59100,-0.01000,-2.47000,-0.00111,-0.27444,10,22.83000,presence_in,sintetico
104,11,22.96000,71.70000,1,23.05700,72.36800,-0.06000,-2.40000,-0.00667,-0.26667,10,22.85000,presence_in,sintetico
104,12,23.08000,71.66000,1,23.06300,72.12400,0.03000,-1.73000,0.00333,-0.19222,10,22.69000,presence_in,sintetico
104,13,23.04000,72.76000,1,23.06200,72.06100,-0.12000,0.72000,-0.01333,0.08000,10,22.67000,presence_in,sintetico
104,14,23.04000,73.15000,1,23.05000,72.17200,-0.05000,1.09000,-0.00556,0.12111,10,22.70000,presence_in,sintetico
104,15,22.97000,73.53000,1,23.03800,72.31900,-0.03000,1.72000,-0.00333,0.19111,10,22.66000,presence_in,sintetico
104,16,22.80000,73.28000,1,23.01800,72.46600,-0.42000,0.86000,-0.04667,0.09556,10,22.53000,presence_in,sintetico
104,17,22.65000,72.95000,1,22.96100,72.51900,-0.49000,0.79000,-0.05444,0.08778,10,22.35000,presence_in,sintetico
104,18,22.80000,72.61000,1,22.92700,72.56400,-0.18000,0.07000,-0.02000,0.00778,10,22.31000,presence_in,sintetico
104,19,22.89000,73.44000,1,22.91800,72.65400,-0.06000,1.98000,-0.00667,0.22000,10,22.30000,presence_in,sintetico
105,9,32.78000,73.08000,1,32.45200,72.31200,0.46000,0.68000,0.05111,0.07556,4,32.96000,presence_long,sintetico
105,10,32.72000,72.35000,1,32.49200,72.30700,0.52000,-0.10000,0.05778,-0.01111,5,32.90000,presence_long,sintetico
105,11,32.78000,72.23000,1,32.55000,72.28500,0.51000,-0.28000,0.05667,-0.03111,6,32.95000,presence_long,sintetico
105,12,32.63000,72.51000,1,32.58600,72.28500,0.32000,0.73000,0.03556,0.08111,7,32.89000,presence_long,sintetico
105,13,32.80000,71.61000,1,32.63500,72.26800,0.42000,0.10000,0.04667,0.01111,8,33.07000,presence_long,sintetico
105,14,32.93000,70.22000,1,32.69000,72.13900,0.51000,-1.80000,0.05667,-0.20000,9,32.98000,presence_long,sintetico
105,15,32.88000,71.23000,1,32.73600,72.06000,0.38000,-0.98000,0.04222,-0.10889,10,32.81000,presence_long,sintetico
105,16,32.84000,71.28000,1,32.77000,71.96700,0.26000,-1.31000,0.02889,-0.14556,10,32.83000,presence_long,sintetico
105,17,32.93000,70.33000,1,32.80500,71.74100,0.17000,-2.24000,0.01889,-0.24889,10,32.95000,presence_long,sintetico
105,18,32.94000,70.37000,1,32.82300,71.52100,0.16000,-2.71000,0.01778,-0.30111,10,32.95000,presence_long,sintetico
105,19,33.16000,69.69000,1,32.86100,71.18200,0.44000,-2.66000,0.04889,-0.29556,10,32.79000,presence_long,sintetico
106,9,29.67000,68.54000,0,29.82400,66.74400,-0.02000,2.87000,-0.00222,0.31889,0,29.96000,humidity_up,sintetico
106,10,29.72000,68.44000,0,29.82700,67.02100,0.01000,2.14000,0.00111,0.23778,0,30.02000,humidity_up,sintetico
106,11,29.66000,69.85000,0,29.82200,67.37600,0.03000,2.35000,0.00333,0.26111,0,29.79000,humidity_up,sintetico
106,12,29.75000,69.89000,0,29.83400,67.61500,-0.13000,2.45000,-0.01444,0.27222,0,29.76000,humidity_up,sintetico
106,13,29.72000,70.31000,0,29.81800,67.90200,-0.24000,3.90000,-0.02667,0.43333,0,29.59000,humidity_up,sintetico
106,14,29.65000,69.92000,0,29.78700,68.25300,-0.39000,3.99000,-0.04333,0.44333,0,29.59000,humidity_up,sintetico
106,15,29.57000,71.24000,0,29.74000,68.78400,-0.41000,5.48000,-0.04556,0.60889,0,29.36000,humidity_up,sintetico
106,16,29.53000,71.73000,0,29.69500,69.38100,-0.42000,4.96000,-0.04667,0.55111,0,29.46000,humidity_up,sintetico
106,17,29.54000,73.50000,0,29.65400,70.05400,-0.19000,6.38000,-0.02111,0.70889,0,29.60000,humidity_up,sintetico
106,18,29.54000,74.65000,0,29.63500,70.80700,-0.13000,6.11000,-0.01444,0.67889,0,29.53000,humidity_up,sintetico
106,19,29.47000,75.06000,0,29.61500,71.45900,-0.25000,6.62000,-0.02778,0.73556,0,29.53000,humidity_up,sintetico
107,9,28.02000,72.17000,0,27.97200,73.91400,0.06000,-2.93000,0.00667,-0.32556,0,28.88000,humidity_down,sintetico
107,10,28.09000,71.54000,0,27.98500,73.55800,0.29000,-3.90000,0.03222,-0.43333,0,28.75000,humidity_down,sintetico
107,11,28.07000,70.46000,0,28.01200,73.06000,0.08000,-4.90000,0.00889,-0.54444,0,28.86000,humidity_down,sintetico
107,12,27.95000,70.92000,0,28.00800,72.61600,-0.01000,-3.33000,-0.00111,-0.37000,0,28.80000,humidity_down,sintetico
107,13,28.18000,70.37000,0,28.03000,72.22800,0.30000,-4.40000,0.03333,-0.48889,0,28.80000,humidity_down,sintetico
107,14,28.21000,69.28000,0,28.06300,71.67900,0.41000,-3.65000,0.04556,-0.40556,0,28.93000,humidity_down,sintetico
107,15,28.29000,69.70000,0,28.11200,71.35600,0.37000,-3.50000,0.04111,-0.38889,0,28.76000,humidity_down,sintetico
107,16,28.10000,69.41000,0,28.13000,70.97700,-0.02000,-3.81000,-0.00222,-0.42333,0,28.78000,humidity_down,sintetico
107,17,28.17000,69.15000,0,28.13500,70.57000,-0.10000,-3.55000,-0.01111,-0.39444,0,28.94000,humidity_down,sintetico
107,18,28.37000,69.72000,0,28.14500,70.27200,0.35000,-2.45000,0.03889,-0.27222,0,28.95000,humidity_down,sintetico
107,19,28.34000,69.54000,0,28.17700,70.00900,0.25000,-2.00000,0.02778,-0.22222,0,28.78000,humidity_down,sintetico
108,9,26.13000,67.60000,1,26.05600,66.39900,0.07000,2.60000,0.00778,0.28889,10,25.87000,stable,sintetico
108,10,25.98000,67.76000,1,26.04800,66.67500,-0.12000,3.05000,-0.01333,0.33889,10,26.08000,stable,sintetico
108,11,26.15000,67.40000,1,26.05300,66.94400,0.16000,1.53000,0.01778,0.17000,10,25.98000,stable,sintetico
108,12,26.06000,68.07000,1,26.06000,67.16400,-0.06000,2.01000,-0.00667,0.22333,10,26.00000,stable,sintetico
108,13,26.01000,67.85000,1,26.04900,67.34300,-0.06000,1.96000,-0.00667,0.21778,10,25.94000,stable,sintetico
108,14,25.96000,67.81000,1,26.03800,67.53500,-0.29000,1.75000,-0.03222,0.19444,10,26.07000,stable,sintetico
108,15,25.78000,67.51000,1,25.99100,67.68000,-0.11000,0.12000,-0.01222,0.01333,10,26.12000,stable,sintetico
108,16,25.80000,67.64000,1,25.98200,67.70500,-0.11000,0.06000,-0.01222,0.00667,10,26.13000,stable,sintetico
108,17,25.94000,68.65000,1,25.98500,67.81200,-0.10000,0.82000,-0.01111,0.09111,10,26.08000,stable,sintetico
108,18,26.12000,69.15000,1,25.99300,67.94400,-0.01000,1.55000,-0.00111,0.17222,10,26.19000,stable,sintetico
108,19,26.11000,68.81000,1,25.99100,68.06500,0.13000,1.05000,0.01444,0.11667,10,26.58000,stable,sintetico
109,9,30.73000,79.11000,1,30.58000,78.53100,0.38000,1.38000,0.04222,0.15333,10,31.86000,warm_slow,sintetico
109,10,30.78000,79.50000,1,30.62300,78.70800,0.34000,1.66000,0.03778,0.18444,10,31.66000,warm_slow,sintetico
109,11,30.77000,79.15000,1,30.65600,78.83900,0.31000,0.63000,0.03444,0.07000,10,31.58000,warm_slow,sintetico
109,12,30.88000,77.57000,1,30.69800,78.74400,0.43000,-1.21000,0.04778,-0.13444,10,31.54000,warm_slow,sintetico
109,13,30.87000,77.01000,1,30.74000,78.56700,0.26000,-1.04000,0.02889,-0.11556,10,31.74000,warm_slow,sintetico
109,14,31.07000,76.85000,1,30.78600,78.44700,0.49000,-1.31000,0.05444,-0.14556,10,31.93000,warm_slow,sintetico
109,15,31.07000,76.91000,1,30.83500,78.32200,0.35000,-2.11000,0.03889,-0.23444,10,32.04000,warm_slow,sintetico
109,16,31.06000,76.76000,1,30.86900,78.09600,0.31000,-2.16000,0.03444,-0.24000,10,32.06000,warm_slow,sintetico
109,17,31.13000,76.61000,1,30.90700,77.86500,0.42000,-2.57000,0.04667,-0.28556,10,32.27000,warm_slow,sintetico
109,18,31.14000,76.14000,1,30.95000,77.56100,0.41000,-2.97000,0.04556,-0.33000,10,32.36000,warm_slow,sintetico
109,19,31.06000,76.25000,1,30.98300,77.27500,0.28000,-3.25000,0.03111,-0.36111,10,32.56000,warm_slow,sintetico
110,9,24.32000,76.40000,0,23.45000,76.00400,1.72000,1.80000,0.19111,0.20000,0,28.13000,warm_fast,sintetico
110,10,24.66000,75.59000,0,23.65600,76.10300,1.82000,0.41000,0.20222,0.04556,0,28.35000,warm_fast,sintetico
110,11,25.04000,74.80000,0,23.87600,76.06500,2.12000,-0.15000,0.23556,-0.01667,0,28.48000,warm_fast,sintetico
110,12,25.06000,74.54000,0,24.09000,76.02400,2.00000,-1.28000,0.22222,-0.14222,0,28.53000,warm_fast,sintetico
110,13,25.38000,74.75000,0,24.32200,75.91700,1.95000,-1.59000,0.21667,-0.17667,0,28.55000,warm_fast,sintetico
110,14,25.51000,74.39000,0,24.53000,75.72200,1.88000,-2.76000,0.20889,-0.30667,0,28.79000,warm_fast,sintetico
110,15,25.50000,75.09000,0,24.71700,75.51600,1.74000,-1.93000,0.19333,-0.21444,0,28.81000,warm_fast,sintetico
110,16,25.76000,75.92000,0,24.91700,75.40600,1.86000,-0.64000,0.20667,-0.07111,0,28.89000,warm_fast,sintetico
110,17,25.97000,74.54000,0,25.12400,75.20400,1.93000,-1.48000,0.21444,-0.16444,0,28.92000,warm_fast,sintetico
110,18,25.98000,74.88000,0,25.31800,75.09000,1.66000,-1.52000,0.18444,-0.16889,0,28.91000,warm_fast,sintetico
110,19,26.09000,74.65000,0,25.49500,74.91500,1.43000,-0.94000,0.15889,-0.10444,0,28.93000,warm_fast,sintetico
111,9,30.35000,72.12000,0,30.57600,72.82400,-0.79000,-0.68000,-0.08778,-0.07556,0,27.31000,cool_slow,sintetico
111,10,30.31000,71.28000,0,30.49300,72.67200,-0.61000,-2.04000,-0.06778,-0.22667,0,27.50000,cool_slow,sintetico
111,11,30.17000,70.71000,0,30.41800,72.41100,-0.65000,-1.31000,-0.07222,-0.14556,0,27.34000,cool_slow,sintetico
111,12,30.14000,70.69000,0,30.35000,72.27800,-0.55000,-1.76000,-0.06111,-0.19556,0,27.43000,cool_slow,sintetico
111,13,30.14000,70.34000,0,30.29500,72.06700,-0.39000,-2.85000,-0.04333,-0.31667,0,27.29000,cool_slow,sintetico
111,14,29.96000,70.36000,0,30.23800,71.78400,-0.41000,-3.03000,-0.04556,-0.33667,0,27.30000,cool_slow,sintetico
111,15,29.78000,70.87000,0,30.17900,71.53200,-0.66000,-2.69000,-0.07333,-0.29889,0,27.10000,cool_slow,sintetico
111,16,29.71000,70.61000,0,30.10600,71.23700,-0.50000,-2.35000,-0.05556,-0.26111,0,27.04000,cool_slow,sintetico
111,17,29.70000,70.49000,0,30.05500,70.99000,-0.59000,-1.94000,-0.06556,-0.21556,0,26.76000,cool_slow,sintetico
111,18,29.44000,69.82000,0,29.97000,70.72900,-0.91000,-2.30000,-0.10111,-0.25556,0,26.56000,cool_slow,sintetico
111,19,29.51000,69.79000,0,29.88600,70.49600,-0.80000,-1.49000,-0.08889,-0.16556,0,26.36000,cool_slow,sintetico
112,9,25.57000,85.95000,0,26.26500,85.43500,-1.34000,1.03000,-0.14889,0.11444,0,22.14000,cool_fast,sintetico
112,10,25.35000,86.31000,0,26.10900,85.57400,-1.38000,1.25000,-0.15333,0.13889,0,22.04000,cool_fast,sintetico
112,11,25.31000,86.20000,0,25.96700,85.68800,-1.29000,1.15000,-0.14333,0.12778,0,21.72000,cool_fast,sintetico
112,12,25.14000,86.99000,0,25.82100,85.88200,-1.63000,1.52000,-0.18111,0.16889,0,21.50000,cool_fast,sintetico
112,13,24.97000,86.96000,0,25.64100,86.03100,-1.51000,1.36000,-0.16778,0.15111,0,21.27000,cool_fast,sintetico
112,14,24.87000,86.82000,0,25.48000,86.15300,-1.36000,1.06000,-0.15111,0.11778,0,21.21000,cool_fast,sintetico
112,15,24.61000,86.95000,0,25.31800,86.27200,-1.29000,1.88000,-0.14333,0.20889,0,20.91000,cool_fast,sintetico
112,16,24.45000,87.88000,0,25.17300,86.55300,-1.33000,2.34000,-0.14778,0.26000,0,20.82000,cool_fast,sintetico
112,17,24.38000,87.48000,0,25.03300,86.74700,-1.30000,1.55000,-0.14444,0.17222,0,20.67000,cool_fast,sintetico
112,18,24.31000,87.56000,0,24.89600,86.91000,-1.26000,1.61000,-0.14000,0.17889,0,20.60000,cool_fast,sintetico
112,19,24.31000,87.20000,0,24.77000,87.03500,-1.04000,0.89000,-0.11556,0.09889,0,20.50000,cool_fast,sintetico
113,9,28.53000,76.41000,0,28.09300,75.44600,0.72000,0.33000,0.08000,0.03667,0,27.22000,presence_in,sintetico
113,10,28.39000,75.75000,0,28.15100,75.41300,0.63000,-0.33000,0.07000,-0.03667,0,27.25000,presence_in,sintetico
113,11,28.24000,76.28000,0,28.19900,75.43300,0.48000,0.70000,0.05333,0.07778,0,27.27000,presence_in,sintetico
113,12,28.23000,76.34000,0,28.24600,75.50900,0.42000,1.67000,0.04667,0.18556,0,27.27000,presence_in,sintetico
113,13,28.23000,75.72000,1,28.28800,75.61400,0.21000,0.61000,0.02333,0.06778,1,27.18000,presence_in,sintetico
113,14,28.15000,75.38000,1,28.30100,75.64100,0.05000,1.22000,0.00556,0.13556,2,27.43000,presence_in,sintetico
113,15,27.98000,75.10000,1,28.28900,75.73500,-0.03000,0.18000,-0.00333,0.02000,3,27.38000,presence_in,sintetico
113,16,27.85000,75.42000,1,28.27300,75.78500,-0.65000,-0.16000,-0.07222,-0.01778,4,27.34000,presence_in,sintetico
113,17,27.93000,74.71000,1,28.21600,75.69800,-0.70000,-1.16000,-0.07778,-0.12889,5,27.30000,presence_in,sintetico
113,18,27.90000,75.73000,1,28.14300,75.68400,-0.63000,-0.68000,-0.07000,-0.07556,6,27.40000,presence_in,sintetico
113,19,27.78000,75.96000,1,28.06800,75.63900,-0.61000,0.21000,-0.06778,0.02333,7,27.57000,presence_in,sintetico
114,9,31.08000,51.74000,1,30.88900,51.03500,0.11000,1.10000,0.01222,0.12222,4,30.85000,presence_long,sintetico
114,10,31.10000,51.60000,1,30.90200,51.13100,0.10000,0.98000,0.01111,0.10889,5,30.83000,presence_long,sintetico
114,11,31.03000,52.50000,1,30.90500,51.31900,0.18000,1.85000,0.02000,0.20556,6,30.95000,presence_long,sintetico
114,12,30.90000,52.87000,1,30.91000,51.54100,0.28000,2.54000,0.03111,0.28222,7,30.88000,presence_long,sintetico
114,13,30.96000,52.00000,1,30.94400,51.70800,0.41000,1.51000,0.04556,0.16778,8,30.80000,presence_long,sintetico
114,14,30.86000,51.64000,1,30.97500,51.82300,0.08000,0.84000,0.00889,0.09333,9,30.79000,presence_long,sintetico
114,15,30.93000,51.44000,1,30.99000,51.88700,-0.02000,0.28000,-0.00222,0.03111,10,30.69000,presence_long,sintetico
114,16,30.92000,50.64000,1,30.98700,51.83500,-0.17000,-1.54000,-0.01889,-0.17111,10,30.66000,presence_long,sintetico
114,17,31.20000,50.68000,1,30.99800,51.68500,0.20000,-1.06000,0.02222,-0.11778,10,30.59000,presence_long,sintetico
114,18,31.26000,50.38000,1,31.02400,51.54900,0.18000,-1.36000,0.02000,-0.15111,10,30.49000,presence_long,sintetico
114,19,31.18000,51.43000,1,31.03400,51.51800,0.08000,-0.17000,0.00889,-0.01889,10,30.55000,presence_long,sintetico
115,9,28.00000,54.34000,1,28.11700,51.88800,-0.27000,5.04000,-0.03000,0.56000,10,27.85000,humidity_up,sintetico
115,10,27.99000,54.29000,1,28.08900,52.38700,-0.36000,4.31000,-0.04000,0.47889,10,27.65000,humidity_up,sintetico
115,11,27.92000,54.68000,1,28.04600,52.85700,-0.37000,3.97000,-0.04111,0.44111,10,27.67000,humidity_up,sintetico
115,12,27.95000,55.23000,1,28.01200,53.30900,-0.13000,3.17000,-0.01444,0.35222,10,27.74000,humidity_up,sintetico
115,13,27.97000,54.94000,1,28.00100,53.59700,-0.18000,2.80000,-0.02000,0.31111,10,27.87000,humidity_up,sintetico
115,14,28.05000,55.50000,1,27.99100,53.93300,-0.03000,3.75000,-0.00333,0.41667,10,27.90000,humidity_up,sintetico
115,15,28.36000,55.83000,1,28.01900,54.34100,0.32000,3.79000,0.03556,0.42111,10,27.95000,humidity_up,sintetico
115,16,28.40000,57.94000,1,28.05500,54.93100,0.52000,4.93000,0.05778,0.54778,10,28.15000,humidity_up,sintetico
115,17,28.42000,58.45000,1,28.10900,55.47500,0.39000,4.90000,0.04333,0.54444,10,28.25000,humidity_up,sintetico
115,18,28.30000,59.84000,1,28.13600,56.10400,0.30000,5.50000,0.03333,0.61111,10,28.07000,humidity_up,sintetico
115,19,28.16000,60.63000,1,28.15200,56.73300,0.17000,6.34000,0.01889,0.70444,10,28.03000,humidity_up,sintetico
116,9,24.58000,71.30000,0,24.54300,71.91000,0.26000,-2.62000,0.02889,-0.29111,0,24.17000,humidity_down,sintetico
116,10,24.62000,70.69000,0,24.57300,71.58700,0.17000,-2.81000,0.01889,-0.31222,0,24.13000,humidity_down,sintetico
116,11,24.69000,69.96000,0,24.59700,71.23300,0.34000,-3.03000,0.03778,-0.33667,0,24.17000,humidity_down,sintetico
116,12,24.47000,69.28000,0,24.60900,70.86200,-0.13000,-2.97000,-0.01444,-0.33000,0,24.25000,humidity_down,sintetico
116,13,24.44000,67.85000,0,24.59300,70.42200,-0.11000,-4.45000,-0.01222,-0.49444,0,24.27000,humidity_down,sintetico
116,14,24.43000,66.16000,0,24.58100,69.80800,-0.26000,-5.13000,-0.02889,-0.57000,0,24.31000,humidity_down,sintetico
116,15,24.39000,65.75000,0,24.55100,69.25400,-0.27000,-4.71000,-0.03000,-0.52333,0,24.44000,humidity_down,sintetico
116,16,24.40000,64.97000,0,24.52500,68.70500,-0.26000,-5.55000,-0.02889,-0.61667,0,24.34000,humidity_down,sintetico
116,17,24.39000,63.99000,0,24.49800,68.05200,-0.18000,-6.58000,-0.02000,-0.73111,0,24.43000,humidity_down,sintetico
116,18,24.39000,63.47000,0,24.48000,67.34200,-0.19000,-7.83000,-0.02111,-0.87000,0,24.22000,humidity_down,sintetico
116,19,24.29000,63.07000,0,24.45100,66.51900,-0.33000,-7.62000,-0.03667,-0.84667,0,24.40000,humidity_down,sintetico
117,9,27.49000,50.14000,0,27.75400,51.10100,-0.57000,-1.83000,-0.06333,-0.20333,0,28.25000,stable,sintetico
117,10,27.40000,49.34000,0,27.68800,50.83800,-0.50000,-2.02000,-0.05556,-0.22444,0,28.39000,stable,sintetico
117,11,27.51000,49.00000,0,27.64900,50.60200,-0.35000,-2.28000,-0.03889,-0.25333,0,28.32000,stable,sintetico
117,12,27.65000,49.01000,0,27.62800,50.37500,-0.08000,-2.70000,-0.00889,-0.30000,0,28.58000,stable,sintetico
117,13,27.68000,48.90000,0,27.62300,50.09400,0.00000,-2.58000,0.00000,-0.28667,0,28.32000,stable,sintetico
117,14,27.37000,48.27000,0,27.59200,49.77300,-0.34000,-3.14000,-0.03778,-0.34889,0,28.37000,stable,sintetico
117,15,27.35000,48.47000,0,27.55600,49.47900,-0.46000,-2.43000,-0.05111,-0.27000,0,28.65000,stable,sintetico
117,16,27.14000,48.44000,0,27.48900,49.23300,-0.51000,-2.28000,-0.05667,-0.25333,0,28.67000,stable,sintetico
117,17,27.00000,48.57000,0,27.42400,49.01800,-0.65000,-1.47000,-0.07222,-0.16333,0,28.86000,stable,sintetico
117,18,27.00000,48.98000,0,27.35900,48.91200,-0.49000,-1.16000,-0.05444,-0.12889,0,28.78000,stable,sintetico
117,19,27.13000,49.23000,0,27.32300,48.82100,-0.27000,-0.11000,-0.03000,-0.01222,0,28.63000,stable,sintetico
118,9,22.32000,52.75000,0,22.26600,52.09900,0.27000,1.27000,0.03000,0.14111,0,23.63000,warm_slow,sintetico
118,10,22.55000,53.97000,0,22.31600,52.34800,0.41000,2.37000,0.04556,0.26333,0,23.60000,warm_slow,sintetico
118,11,22.76000,53.40000,0,22.37800,52.52800,0.63000,1.98000,0.07000,0.22000,0,23.76000,warm_slow,sintetico
118,12,22.88000,53.22000,0,22.45300,52.70800,0.64000,0.96000,0.07111,0.10667,0,23.82000,warm_slow,sintetico
118,13,22.97000,52.87000,0,22.52600,52.76900,0.76000,0.48000,0.08444,0.05333,0,23.76000,warm_slow,sintetico
118,14,22.82000,52.76000,0,22.58700,52.80600,0.44000,0.71000,0.04889,0.07889,0,23.75000,warm_slow,sintetico
118,15,22.97000,53.00000,0,22.64600,52.90100,0.53000,0.90000,0.05889,0.10000,0,23.97000,warm_slow,sintetico
118,16,23.08000,53.20000,0,22.71000,53.01100,0.74000,0.92000,0.08222,0.10222,0,23.80000,warm_slow,sintetico
118,17,23.19000,53.57000,0,22.79500,53.14000,0.78000,0.91000,0.08667,0.10111,0,23.93000,warm_slow,sintetico
118,18,23.22000,53.70000,0,22.87600,53.24400,0.90000,0.95000,0.10000,0.10556,0,24.17000,warm_slow,sintetico
118,19,23.48000,53.86000,0,22.99200,53.35500,0.93000,-0.11000,0.10333,-0.01222,0,24.26000,warm_slow,sintetico
119,9,35.65000,63.34000,0,34.87000,63.97900,1.74000,-0.88000,0.19333,-0.09778,0,39.97000,warm_fast,sintetico
119,10,35.59000,63.07000,0,35.03800,63.86400,1.62000,-1.67000,0.18000,-0.18556,0,40.00000,warm_fast,sintetico
119,11,35.63000,63.21000,0,35.20400,63.71100,1.23000,-1.49000,0.13667,-0.16556,0,39.94000,warm_fast,sintetico
119,12,35.70000,63.03000,0,35.33400,63.54400,1.07000,-1.52000,0.11889,-0.16889,0,39.99000,warm_fast,sintetico
119,13,35.80000,63.08000,0,35.45100,63.39700,1.00000,-0.72000,0.11111,-0.08000,0,40.00000,warm_fast,sintetico
119,14,35.90000,62.58000,0,35.56100,63.27500,0.94000,-1.32000,0.10444,-0.14667,0,40.00000,warm_fast,sintetico
119,15,36.07000,63.25000,0,35.67200,63.21000,0.74000,0.26000,0.08222,0.02889,0,40.00000,warm_fast,sintetico
119,16,36.24000,62.99000,0,35.76300,63.21000,0.78000,-0.79000,0.08667,-0.08778,0,40.00000,warm_fast,sintetico
119,17,36.39000,61.94000,0,35.85600,63.02600,0.80000,-1.83000,0.08889,-0.20333,0,39.91000,warm_fast,sintetico
119,18,36.53000,61.80000,0,35.95000,62.82900,0.88000,-1.54000,0.09778,-0.17111,0,39.98000,warm_fast,sintetico
119,19,36.58000,61.47000,0,36.04300,62.64200,0.99000,-1.60000,0.11000,-0.17778,0,40.00000,warm_fast,sintetico
120,9,24.01000,51.41000,0,23.86900,51.25300,0.15000,-0.72000,0.01667,-0.08000,0,22.62000,cool_slow,sintetico
120,10,23.87000,50.88000,0,23.87000,51.12800,0.28000,-0.77000,0.03111,-0.08556,0,22.48000,cool_slow,sintetico
120,11,23.81000,50.78000,0,23.89200,51.04100,0.17000,-0.83000,0.01889,-0.09222,0,22.53000,cool_slow,sintetico
120,12,23.73000,50.17000,0,23.90100,50.89700,0.11000,-1.43000,0.01222,-0.15889,0,22.56000,cool_slow,sintetico
120,13,23.81000,49.89000,0,23.92000,50.72600,-0.02000,-1.39000,-0.00222,-0.15444,0,22.47000,cool_slow,sintetico
120,14,23.92000,49.82000,0,23.92900,50.58000,-0.04000,-1.46000,-0.00444,-0.16222,0,22.33000,cool_slow,sintetico
120,15,23.94000,50.04000,0,23.92700,50.45600,-0.16000,-0.48000,-0.01778,-0.05333,0,22.21000,cool_slow,sintetico
120,16,23.78000,50.17000,0,23.89500,50.42100,-0.28000,-0.06000,-0.03111,-0.00667,0,22.22000,cool_slow,sintetico
120,17,23.95000,50.22000,0,23.88400,50.42000,-0.07000,-0.60000,-0.00778,-0.06667,0,22.21000,cool_slow,sintetico
120,18,24.00000,50.53000,0,23.88200,50.39100,-0.01000,-0.88000,-0.00111,-0.09778,0,22.07000,cool_slow,sintetico
120,19,23.98000,50.55000,0,23.87900,50.30500,0.11000,-0.33000,0.01222,-0.03667,0,22.09000,cool_slow,sintetico
121,9,22.02000,46.85000,1,22.76900,48.13100,-1.43000,-2.02000,-0.15889,-0.22444,10,20.00000,cool_fast,sintetico
121,10,21.65000,46.58000,1,22.58900,47.90200,-1.58000,-1.99000,-0.17556,-0.22111,10,20.00000,cool_fast,sintetico
121,11,21.66000,46.48000,1,22.43200,47.69300,-1.42000,-2.69000,-0.15778,-0.29889,10,20.00000,cool_fast,sintetico
121,12,21.53000,45.23000,1,22.27700,47.29900,-1.48000,-2.97000,-0.16444,-0.33000,10,20.00000,cool_fast,sintetico
121,13,21.42000,45.20000,1,22.11800,46.99900,-1.50000,-2.98000,-0.16667,-0.33111,10,20.00000,cool_fast,sintetico
121,14,21.18000,45.22000,1,21.94400,46.70300,-1.57000,-2.87000,-0.17444,-0.31889,10,20.00000,cool_fast,sintetico
121,15,21.04000,44.56000,1,21.77300,46.35000,-1.57000,-3.07000,-0.17444,-0.34111,10,20.00000,cool_fast,sintetico
121,16,20.92000,45.13000,1,21.60400,46.10000,-1.51000,-3.07000,-0.16778,-0.34111,10,20.00000,cool_fast,sintetico
121,17,20.73000,44.58000,1,21.43400,45.73800,-1.46000,-2.97000,-0.16222,-0.33000,10,20.00000,cool_fast,sintetico
121,18,20.55000,44.97000,1,21.27000,45.48000,-1.47000,-1.88000,-0.16333,-0.20889,10,20.00000,cool_fast,sintetico
121,19,20.24000,45.21000,1,21.09200,45.31600,-1.41000,-1.37000,-0.15667,-0.15222,10,20.00000,cool_fast,sintetico
122,9,25.23000,70.66000,1,25.22400,70.73700,0.20000,-0.48000,0.02222,-0.05333,10,25.57000,presence_in,sintetico
122,10,25.20000,71.06000,1,25.24100,70.72900,0.06000,-0.11000,0.00667,-0.01222,10,25.64000,presence_in,sintetico
122,11,25.01000,71.94000,1,25.22800,70.80600,-0.26000,0.45000,-0.02889,0.05000,10,25.61000,presence_in,sintetico
122,12,24.88000,72.38000,1,25.18900,70.89500,-0.39000,1.23000,-0.04333,0.13667,10,25.76000,presence_in,sintetico
122,13,24.85000,72.31000,1,25.14700,71.01100,-0.36000,1.97000,-0.04000,0.21889,10,25.81000,presence_in,sintetico
122,14,24.82000,72.45000,1,25.10800,71.22200,-0.36000,2.03000,-0.04000,0.22556,10,25.74000,presence_in,sintetico
122,15,24.87000,73.04000,1,25.07700,71.48400,-0.51000,2.33000,-0.05667,0.25889,10,25.83000,presence_in,sintetico
122,16,25.04000,73.22000,1,25.04300,71.73500,-0.24000,3.30000,-0.02667,0.36667,10,25.79000,presence_in,sintetico
122,17,25.25000,73.27000,1,25.04000,72.07000,0.00000,2.90000,0.00000,0.32222,10,25.97000,presence_in,sintetico
122,18,25.38000,73.50000,1,25.05300,72.38300,0.15000,2.84000,0.01667,0.31556,10,25.95000,presence_in,sintetico
122,19,25.31000,73.60000,1,25.06100,72.67700,0.11000,2.54000,0.01222,0.28222,10,25.92000,presence_in,sintetico
123,9,31.87000,57.04000,1,31.70900,57.89900,0.18000,-1.17000,0.02000,-0.13000,4,32.05000,presence_long,sintetico
123,10,31.94000,56.61000,1,31.73400,57.73900,0.18000,-2.04000,0.02000,-0.22667,5,32.21000,presence_long,sintetico
123,11,32.17000,55.68000,1,31.77500,57.44200,0.45000,-3.07000,0.05000,-0.34111,6,32.26000,presence_long,sintetico
123,12,32.37000,55.73000,1,31.84000,57.14000,0.62000,-2.28000,0.06889,-0.25333,7,32.42000,presence_long,sintetico
123,13,32.44000,56.47000,1,31.90900,56.98600,0.81000,-1.63000,0.09000,-0.18111,8,32.51000,presence_long,sintetico
123,14,32.54000,56.06000,1,32.00000,56.78200,0.90000,-1.65000,0.10000,-0.18333,9,32.62000,presence_long,sintetico
123,15,32.62000,57.09000,1,32.09800,56.72000,1.08000,-0.57000,0.12000,-0.06333,10,32.62000,presence_long,sintetico
123,16,32.51000,58.26000,1,32.19500,56.78000,0.86000,0.64000,0.09556,0.07111,10,32.50000,presence_long,sintetico
123,17,32.56000,58.02000,1,32.28600,56.82000,0.72000,0.78000,0.08000,0.08667,10,32.43000,presence_long,sintetico
123,18,32.45000,57.90000,1,32.34700,56.88600,0.58000,0.86000,0.06444,0.09556,10,32.34000,presence_long,sintetico
123,19,32.21000,57.67000,1,32.38100,56.94900,0.27000,1.06000,0.03000,0.11778,10,32.11000,presence_long,sintetico
124,9,28.97000,74.80000,0,29.11700,72.46500,0.03000,5.71000,0.00333,0.63444,0,30.16000,humidity_up,sintetico
124,10,29.18000,75.73000,0,29.14100,73.12900,0.34000,5.20000,0.03778,0.57778,0,30.46000,humidity_up,sintetico
124,11,29.19000,77.31000,0,29.17600,73.80700,0.11000,6.14000,0.01222,0.68222,0,30.27000,humidity_up,sintetico
124,12,29.42000,77.84000,0,29.21000,74.47400,0.02000,6.49000,0.00222,0.72111,0,30.44000,humidity_up,sintetico
124,13,29.42000,78.07000,0,29.21200,75.14600,0.17000,6.56000,0.01889,0.72889,0,30.46000,humidity_up,sintetico
124,14,29.39000,77.80000,0,29.22600,75.77500,0.17000,4.47000,0.01889,0.49667,0,30.41000,humidity_up,sintetico
124,15,29.21000,77.40000,0,29.22500,76.18200,0.02000,3.99000,0.00222,0.44333,0,30.47000,humidity_up,sintetico
124,16,29.34000,77.09000,0,29.24000,76.55000,0.26000,2.50000,0.02889,0.27778,0,30.52000,humidity_up,sintetico
124,17,29.57000,77.24000,0,29.28900,76.81500,0.37000,2.37000,0.04111,0.26333,0,30.47000,humidity_up,sintetico
124,18,29.78000,77.59000,0,29.34700,77.08700,0.81000,2.79000,0.09000,0.31000,0,30.28000,humidity_up,sintetico
124,19,29.59000,78.85000,0,29.40900,77.49200,0.41000,3.12000,0.04556,0.34667,0,30.46000,humidity_up,sintetico
125,9,31.35000,42.91000,0,31.44600,46.56000,-0.16000,-5.89000,-0.01778,-0.65444,0,31.03000,humidity_down,sintetico
125,10,31.39000,42.80000,0,31.43400,45.96000,-0.05000,-6.18000,-0.00556,-0.68667,0,31.09000,humidity_down,sintetico
125,11,31.17000,42.10000,0,31.40700,45.27200,-0.37000,-5.80000,-0.04111,-0.64444,0,31.01000,humidity_down,sintetico
125,12,31.36000,41.85000,0,31.38900,44.66700,-0.14000,-5.91000,-0.01556,-0.65667,0,31.18000,humidity_down,sintetico
125,13,31.14000,41.66000,0,31.35300,44.05700,-0.29000,-5.60000,-0.03222,-0.62222,0,31.20000,humidity_down,sintetico
125,14,31.05000,41.49000,0,31.31500,43.48000,-0.43000,-5.43000,-0.04778,-0.60333,0,31.12000,humidity_down,sintetico
125,15,30.97000,40.91000,0,31.26400,42.87900,-0.54000,-5.10000,-0.06000,-0.56667,0,31.06000,humidity_down,sintetico
125,16,30.90000,40.37000,0,31.20300,42.31500,-0.54000,-4.47000,-0.06000,-0.49667,0,31.11000,humidity_down,sintetico
125,17,30.83000,40.00000,0,31.14200,41.83100,-0.43000,-4.22000,-0.04778,-0.46889,0,31.08000,humidity_down,sintetico
125,18,30.69000,40.00000,0,31.08500,41.40900,-0.66000,-2.91000,-0.07333,-0.32333,0,31.05000,humidity_down,sintetico
125,19,30.71000,40.00000,0,31.02100,41.11800,-0.68000,-2.80000,-0.07556,-0.31111,0,31.14000,humidity_down,sintetico
126,9,27.26000,57.53000,0,27.60900,59.55700,-0.75000,-2.67000,-0.08333,-0.29667,0,25.27000,stable,sintetico
126,10,27.07000,58.18000,0,27.51500,59.35500,-0.83000,-1.46000,-0.09222,-0.16222,0,25.29000,stable,sintetico
126,11,27.14000,57.47000,0,27.43900,59.13800,-0.73000,-2.55000,-0.08111,-0.28333,0,25.23000,stable,sintetico
126,12,27.07000,57.45000,0,27.35900,58.88100,-0.73000,-2.91000,-0.08111,-0.32333,0,25.42000,stable,sintetico
126,13,26.92000,56.35000,0,27.27100,58.48000,-0.60000,-3.79000,-0.06667,-0.42111,0,25.55000,stable,sintetico
126,14,26.90000,56.67000,0,27.20900,58.13300,-0.76000,-3.38000,-0.08444,-0.37556,0,25.68000,stable,sintetico
126,15,26.98000,57.15000,0,27.14100,57.84300,-0.58000,-2.54000,-0.06444,-0.28222,0,25.66000,stable,sintetico
126,16,26.79000,57.18000,0,27.06400,57.59200,-0.40000,-1.95000,-0.04444,-0.21667,0,25.72000,stable,sintetico
126,17,26.76000,57.13000,0,27.02100,57.39200,-0.56000,-1.68000,-0.06222,-0.18667,0,25.74000,stable,sintetico
126,18,26.73000,56.77000,0,26.96200,57.18800,-0.53000,-0.76000,-0.05889,-0.08444,0,25.67000,stable,sintetico
126,19,26.37000,57.41000,0,26.87300,57.17600,-0.70000,-0.77000,-0.07778,-0.08556,0,25.79000,stable,sintetico
127,9,31.92000,44.50000,1,31.43600,45.47900,0.84000,-2.33000,0.09333,-0.25889,10,34.62000,warm_slow,sintetico
127,10,31.82000,45.05000,1,31.51000,45.30100,0.65000,-1.13000,0.07222,-0.12556,10,34.75000,warm_slow,sintetico
127,11,31.83000,45.49000,1,31.57600,45.23200,0.54000,-0.08000,0.06000,-0.00889,10,35.06000,warm_slow,sintetico
127,12,32.00000,45.72000,1,31.64700,45.24700,0.70000,0.05000,0.07778,0.00556,10,35.16000,warm_slow,sintetico
127,13,32.35000,44.85000,1,31.75200,45.16500,1.08000,-0.95000,0.12000,-0.10556,10,35.28000,warm_slow,sintetico
127,14,32.31000,44.79000,1,31.85600,45.06400,0.97000,-0.63000,0.10778,-0.07000,10,35.21000,warm_slow,sintetico
127,15,32.64000,45.86000,1,31.98600,45.10800,1.17000,0.78000,0.13000,0.08667,10,35.26000,warm_slow,sintetico
127,16,32.85000,45.50000,1,32.12400,45.15000,1.05000,0.40000,0.11667,0.04444,10,35.07000,warm_slow,sintetico
127,17,32.83000,45.12000,1,32.22700,45.15200,1.11000,0.48000,0.12333,0.05333,10,35.13000,warm_slow,sintetico
127,18,32.80000,46.03000,1,32.33500,45.29100,0.88000,1.53000,0.09778,0.17000,10,35.38000,warm_slow,sintetico
127,19,32.83000,46.04000,1,32.42600,45.44500,1.01000,0.99000,0.11222,0.11000,10,35.34000,warm_slow,sintetico
128,9,35.27000,63.41000,0,34.70900,63.20500,1.26000,-0.15000,0.14000,-0.01667,0,39.60000,warm_fast,sintetico
128,10,35.51000,63.53000,0,34.85900,63.20200,1.28000,-0.82000,0.14222,-0.09111,0,39.76000,warm_fast,sintetico
128,11,35.80000,63.41000,0,35.01600,63.10800,1.28000,0.13000,0.14222,0.01444,0,39.84000,warm_fast,sintetico
128,12,35.79000,63.75000,0,35.14300,63.15500,1.22000,1.09000,0.13556,0.12111,0,39.80000,warm_fast,sintetico
128,13,35.96000,64.10000,0,35.28200,63.29900,1.16000,1.14000,0.12889,0.12667,0,40.00000,warm_fast,sintetico
128,14,35.97000,65.17000,0,35.39900,63.52000,1.34000,2.29000,0.14889,0.25444,0,39.97000,warm_fast,sintetico
128,15,36.22000,65.09000,0,35.55800,63.74100,1.33000,2.05000,0.14778,0.22778,0,40.00000,warm_fast,sintetico
128,16,36.26000,65.76000,0,35.69500,64.01300,1.19000,2.84000,0.13222,0.31556,0,40.00000,warm_fast,sintetico
128,17,36.29000,67.09000,0,35.81700,64.43000,1.19000,4.10000,0.13222,0.45556,0,40.00000,warm_fast,sintetico
128,18,36.38000,68.11000,0,35.94500,64.94200,1.11000,4.70000,0.12333,0.52222,0,39.97000,warm_fast,sintetico
128,19,36.52000,69.06000,0,36.07000,65.50700,1.01000,5.53000,0.11222,0.61444,0,40.00000,warm_fast,sintetico
129,9,23.96000,82.01000,0,24.28600,81.72000,-0.60000,0.13000,-0.06667,0.01444,0,22.03000,cool_slow,sintetico
129,10,23.96000,81.50000,0,24.22600,81.68200,-0.67000,-0.07000,-0.07444,-0.00778,0,22.19000,cool_slow,sintetico
129,11,23.94000,80.59000,0,24.15700,81.58400,-0.62000,-0.73000,-0.06889,-0.08111,0,22.06000,cool_slow,sintetico
129,12,24.07000,79.74000,0,24.10800,81.42600,-0.25000,-2.31000,-0.02778,-0.25667,0,22.10000,cool_slow,sintetico
129,13,23.97000,78.93000,0,24.07300,81.11400,-0.38000,-2.85000,-0.04222,-0.31667,0,22.40000,cool_slow,sintetico
129,14,23.82000,78.86000,0,24.02000,80.82200,-0.63000,-2.49000,-0.07000,-0.27667,0,22.59000,cool_slow,sintetico
129,15,23.69000,79.41000,0,23.94400,80.62800,-0.47000,-2.42000,-0.05222,-0.26889,0,22.41000,cool_slow,sintetico
129,16,23.66000,79.07000,0,23.89400,80.35200,-0.29000,-2.57000,-0.03222,-0.28556,0,22.44000,cool_slow,sintetico
129,17,23.59000,79.67000,0,23.85800,80.15500,-0.33000,-2.10000,-0.03667,-0.23333,0,22.48000,cool_slow,sintetico
129,18,23.63000,78.96000,0,23.82900,79.87400,-0.33000,-3.05000,-0.03667,-0.33889,0,22.49000,cool_slow,sintetico
129,19,23.49000,79.14000,0,23.78200,79.58700,-0.47000,-2.36000,-0.05222,-0.26222,0,22.29000,cool_slow,sintetico
130,9,23.47000,78.60000,1,24.30000,78.36400,-1.49000,0.20000,-0.16556,0.02222,10,20.00000,cool_fast,sintetico
130,10,23.10000,78.87000,1,24.11400,78.41100,-1.66000,0.72000,-0.18444,0.08000,10,20.00000,cool_fast,sintetico
130,11,22.85000,78.52000,1,23.92300,78.44800,-1.98000,0.33000,-0.22000,0.03667,10,20.00000,cool_fast,sintetico
130,12,22.67000,78.65000,1,23.70700,78.49400,-2.12000,0.60000,-0.23556,0.06667,10,20.00000,cool_fast,sintetico
130,13,22.33000,77.88000,1,23.46100,78.47700,-2.08000,-0.46000,-0.23111,-0.05111,10,20.00000,cool_fast,sintetico
130,14,22.17000,78.46000,1,23.23700,78.48900,-2.00000,0.39000,-0.22222,0.04333,10,20.00000,cool_fast,sintetico
130,15,22.01000,77.94000,1,23.02100,78.47600,-1.87000,-0.09000,-0.20778,-0.01000,10,20.00000,cool_fast,sintetico
130,16,21.59000,78.38000,1,22.79200,78.51100,-2.26000,-0.09000,-0.25111,-0.01000,10,20.00000,cool_fast,sintetico
130,17,21.34000,77.67000,1,22.54100,78.43100,-2.54000,-1.67000,-0.28222,-0.18556,10,20.00000,cool_fast,sintetico
130,18,20.97000,76.80000,1,22.25000,78.17700,-2.50000,-1.80000,-0.27778,-0.20000,10,20.00000,cool_fast,sintetico
130,19,20.70000,76.59000,1,21.97300,77.97600,-2.40000,-2.28000,-0.26667,-0.25333,10,20.00000,cool_fast,sintetico
131,9,29.63000,74.39000,0,29.58600,74.27000,0.13000,0.87000,0.01444,0.09667,0,29.59000,presence_in,sintetico
131,10,29.70000,75.21000,0,29.60600,74.43900,0.36000,1.00000,0.04000,0.11111,0,29.65000,presence_in,sintetico
131,11,29.75000,75.22000,0,29.64700,74.54000,0.30000,0.57000,0.03333,0.06333,0,29.78000,presence_in,sintetico
131,12,29.89000,76.45000,0,29.69100,74.72000,0.28000,2.04000,0.03111,0.22667,0,29.79000,presence_in,sintetico
131,13,30.00000,76.57000,1,29.73000,74.93600,0.43000,1.22000,0.04778,0.13556,1,30.00000,presence_in,sintetico
131,14,30.05000,76.71000,1,29.77800,75.07200,0.40000,2.58000,0.04444,0.28667,2,29.96000,presence_in,sintetico
131,15,30.05000,77.90000,1,29.81800,75.44900,0.35000,4.09000,0.03889,0.45444,3,30.05000,presence_in,sintetico
131,16,29.96000,78.53000,1,29.84400,75.92100,0.15000,4.49000,0.01667,0.49889,4,29.99000,presence_in,sintetico
131,17,29.94000,77.72000,1,29.85700,76.28900,0.34000,3.53000,0.03778,0.39222,5,30.00000,presence_in,sintetico
131,18,29.92000,77.42000,1,29.88900,76.61200,0.29000,3.03000,0.03222,0.33667,6,29.73000,presence_in,sintetico
131,19,29.99000,77.47000,1,29.92500,76.92000,0.29000,2.26000,0.03222,0.25111,7,29.47000,presence_in,sintetico
132,9,23.45000,78.58000,1,23.42300,76.99800,0.03000,2.24000,0.00333,0.24889,4,22.37000,presence_long,sintetico
132,10,23.25000,78.94000,1,23.40600,77.25800,-0.12000,3.90000,-0.01333,0.43333,5,22.44000,presence_long,sintetico
132,11,23.29000,78.91000,1,23.39800,77.64500,-0.07000,2.94000,-0.00778,0.32667,6,22.43000,presence_long,sintetico
132,12,23.33000,78.68000,1,23.39500,77.91600,-0.09000,2.99000,-0.01000,0.33222,7,22.54000,presence_long,sintetico
132,13,23.26000,78.55000,1,23.37900,78.20200,-0.20000,2.32000,-0.02222,0.25778,8,22.73000,presence_long,sintetico
132,14,23.20000,79.75000,1,23.35300,78.55400,-0.25000,2.08000,-0.02778,0.23111,9,22.72000,presence_long,sintetico
132,15,23.31000,79.22000,1,23.33900,78.70900,-0.08000,1.00000,-0.00889,0.11111,10,22.52000,presence_long,sintetico
132,16,23.56000,78.98000,1,23.35600,78.78500,0.08000,1.14000,0.00889,0.12667,10,22.39000,presence_long,sintetico
132,17,23.56000,79.47000,1,23.36400,78.94800,0.13000,1.07000,0.01444,0.11889,10,22.23000,presence_long,sintetico
132,18,23.32000,79.34000,1,23.35300,79.04200,-0.13000,0.76000,-0.01444,0.08444,10,22.18000,presence_long,sintetico
132,19,23.26000,79.45000,1,23.33400,79.12900,0.01000,0.51000,0.00111,0.05667,10,22.11000,presence_long,sintetico
133,9,32.41000,85.06000,0,32.61300,82.13100,-0.50000,6.19000,-0.05556,0.68778,0,32.86000,humidity_up,sintetico
133,10,32.37000,85.17000,0,32.55900,82.76100,-0.34000,5.88000,-0.03778,0.65333,0,32.80000,humidity_up,sintetico
133,11,32.35000,86.33000,0,32.52300,83.46500,-0.35000,6.33000,-0.03889,0.70333,0,32.71000,humidity_up,sintetico
133,12,32.17000,87.07000,0,32.47000,84.17200,-0.45000,5.90000,-0.05000,0.65556,0,32.84000,humidity_up,sintetico
133,13,32.33000,87.52000,0,32.44100,84.80700,-0.29000,6.30000,-0.03222,0.70000,0,32.68000,humidity_up,sintetico
133,14,32.27000,88.58000,0,32.40600,85.54300,-0.29000,5.75000,-0.03222,0.63889,0,32.71000,humidity_up,sintetico
133,15,32.15000,89.12000,0,32.36500,86.17200,-0.49000,5.16000,-0.05444,0.57333,0,32.62000,humidity_up,sintetico
133,16,32.03000,88.64000,0,32.30400,86.64000,-0.49000,4.51000,-0.05444,0.50111,0,32.67000,humidity_up,sintetico
133,17,32.01000,88.50000,0,32.25300,87.07700,-0.43000,3.72000,-0.04778,0.41333,0,32.75000,humidity_up,sintetico
133,18,32.01000,89.66000,0,32.21000,87.56500,-0.40000,4.60000,-0.04444,0.51111,0,32.69000,humidity_up,sintetico
133,19,32.23000,90.26000,0,32.19200,88.08500,-0.14000,5.09000,-0.01556,0.56556,0,32.84000,humidity_up,sintetico
134,9,26.65000,45.28000,1,26.56000,46.66000,0.11000,-4.68000,0.01222,-0.52000,10,27.89000,humidity_down,sintetico
134,10,26.69000,44.72000,1,26.57500,46.13600,0.15000,-4.74000,0.01667,-0.52667,10,27.82000,humidity_down,sintetico
134,11,26.86000,44.33000,1,26.60700,45.62300,0.50000,-3.40000,0.05556,-0.37778,10,27.92000,humidity_down,sintetico
134,12,26.84000,44.54000,1,26.65500,45.30400,0.33000,-2.68000,0.03667,-0.29778,10,27.89000,humidity_down,sintetico
134,13,26.99000,44.65000,1,26.70300,45.04700,0.46000,-1.33000,0.05111,-0.14778,10,27.86000,humidity_down,sintetico
134,14,26.53000,44.34000,1,26.70300,44.88300,0.10000,-1.68000,0.01111,-0.18667,10,27.75000,humidity_down,sintetico
134,15,26.55000,43.77000,1,26.71500,44.65800,-0.08000,-1.35000,-0.00889,-0.15000,10,27.79000,humidity_down,sintetico
134,16,26.63000,43.37000,1,26.71500,44.48300,-0.08000,-1.31000,-0.00889,-0.14556,10,27.69000,humidity_down,sintetico
134,17,26.71000,42.67000,1,26.71500,44.28200,0.01000,-2.48000,0.00111,-0.27556,10,27.92000,humidity_down,sintetico
134,18,26.89000,42.55000,1,26.73400,44.02200,0.24000,-2.73000,0.02667,-0.30333,10,28.10000,humidity_down,sintetico
134,19,26.95000,42.27000,1,26.76400,43.72100,0.26000,-2.45000,0.02889,-0.27222,10,28.23000,humidity_down,sintetico
135,9,25.99000,68.77000,0,26.16200,68.82800,-0.41000,2.11000,-0.04556,0.23444,0,25.61000,stable,sintetico
135,10,26.08000,68.15000,0,26.13000,68.97700,-0.29000,0.49000,-0.03222,0.05444,0,25.63000,stable,sintetico
135,11,26.13000,68.35000,0,26.10600,69.04600,-0.23000,-0.48000,-0.02556,-0.05333,0,25.74000,stable,sintetico
135,12,26.10000,68.57000,0,26.08000,69.02000,-0.21000,-1.08000,-0.02333,-0.12000,0,26.06000,stable,sintetico
135,13,26.11000,68.85000,0,26.06000,68.94000,-0.01000,-0.64000,-0.00111,-0.07111,0,25.98000,stable,sintetico
135,14,25.95000,69.18000,0,26.04300,68.90900,-0.10000,-1.15000,-0.01111,-0.12778,0,26.17000,stable,sintetico
135,15,26.08000,69.36000,0,26.04600,68.81200,0.01000,0.17000,0.00111,0.01889,0,26.11000,stable,sintetico
135,16,26.15000,69.30000,0,26.05400,68.82300,0.23000,0.67000,0.02556,0.07444,0,26.27000,stable,sintetico
135,17,26.25000,69.34000,0,26.08700,68.89400,0.22000,0.27000,0.02444,0.03000,0,26.44000,stable,sintetico
135,18,26.12000,69.79000,0,26.09600,68.96600,0.13000,1.02000,0.01444,0.11333,0,26.50000,stable,sintetico
135,19,25.92000,69.94000,0,26.08900,69.08300,-0.16000,1.79000,-0.01778,0.19889,0,26.43000,stable,sintetico
136,9,34.81000,63.87000,1,34.49500,63.06300,0.68000,2.28000,0.07556,0.25333,10,37.35000,warm_slow,sintetico
136,10,34.92000,63.56000,1,34.57400,63.26000,0.75000,1.04000,0.08333,0.11556,10,37.29000,warm_slow,sintetico
136,11,35.06000,63.65000,1,34.66300,63.37300,0.72000,0.29000,0.08000,0.03222,10,37.38000,warm_slow,sintetico
136,12,35.09000,63.25000,1,34.73800,63.36200,0.52000,-0.13000,0.05778,-0.01444,10,37.54000,warm_slow,sintetico
136,13,35.10000,63.24000,1,34.79100,63.34800,0.42000,-0.64000,0.04667,-0.07111,10,37.54000,warm_slow,sintetico
136,14,35.25000,63.60000,1,34.84800,63.32000,0.65000,0.26000,0.07222,0.02889,10,37.64000,warm_slow,sintetico
136,15,35.53000,64.05000,1,34.94100,63.39100,1.02000,0.69000,0.11333,0.07667,10,37.74000,warm_slow,sintetico
136,16,35.64000,63.96000,1,35.05400,63.45100,1.11000,1.31000,0.12333,0.14556,10,37.92000,warm_slow,sintetico
136,17,35.58000,63.73000,1,35.15900,63.55900,0.97000,1.05000,0.10778,0.11667,10,38.28000,warm_slow,sintetico
136,18,35.55000,62.40000,1,35.25300,63.53100,0.74000,-1.47000,0.08222,-0.16333,10,38.20000,warm_slow,sintetico
136,19,35.49000,63.36000,1,35.32100,63.48000,0.57000,-0.20000,0.06333,-0.02222,10,38.35000,warm_slow,sintetico
137,9,28.91000,65.38000,1,28.52700,65.70200,0.79000,-0.89000,0.08778,-0.09889,10,33.99000,warm_fast,sintetico
137,10,29.12000,65.51000,1,28.62700,65.62600,1.02000,-1.14000,0.11333,-0.12667,10,34.16000,warm_fast,sintetico
137,11,29.48000,65.98000,1,28.76500,65.55900,1.24000,-0.36000,0.13778,-0.04000,10,34.25000,warm_fast,sintetico
137,12,29.63000,66.46000,1,28.90400,65.57100,1.29000,0.85000,0.14333,0.09444,10,34.34000,warm_fast,sintetico
137,13,29.79000,66.57000,1,29.04900,65.66700,1.23000,1.32000,0.13667,0.14667,10,34.34000,warm_fast,sintetico
137,14,30.11000,66.16000,1,29.20400,65.75800,1.46000,0.64000,0.16222,0.07111,10,34.54000,warm_fast,sintetico
137,15,30.27000,66.89000,1,29.36600,65.89500,1.49000,1.68000,0.16556,0.18667,10,34.75000,warm_fast,sintetico
137,16,30.47000,66.77000,1,29.53500,66.05100,1.77000,1.27000,0.19667,0.14111,10,34.83000,warm_fast,sintetico
137,17,30.42000,65.60000,1,29.70700,66.06100,1.55000,0.31000,0.17222,0.03444,10,35.06000,warm_fast,sintetico
137,18,30.83000,65.85000,1,29.90300,66.11700,1.92000,0.47000,0.21333,0.05222,10,35.15000,warm_fast,sintetico
137,19,30.92000,66.12000,1,30.10400,66.19100,1.80000,0.61000,0.20000,0.06778,10,35.25000,warm_fast,sintetico
138,9,23.97000,60.98000,0,24.67900,62.74500,-1.34000,-3.64000,-0.14889,-0.40444,0,22.26000,cool_slow,sintetico
138,10,23.89000,61.37000,0,24.53700,62.42000,-1.29000,-3.59000,-0.14333,-0.39889,0,22.19000,cool_slow,sintetico
138,11,23.84000,61.17000,0,24.40300,62.04100,-1.32000,-2.34000,-0.14667,-0.26000,0,22.32000,cool_slow,sintetico
138,12,23.89000,61.35000,0,24.27600,61.82500,-1.19000,-2.14000,-0.13222,-0.23778,0,22.36000,cool_slow,sintetico
138,13,23.86000,61.19000,0,24.15400,61.59500,-1.12000,-2.31000,-0.12444,-0.25667,0,22.47000,cool_slow,sintetico
138,14,23.76000,61.62000,0,24.03200,61.40700,-0.95000,-0.25000,-0.10556,-0.02778,0,22.70000,cool_slow,sintetico
138,15,23.66000,62.21000,0,23.92700,61.44100,-0.87000,0.27000,-0.09667,0.03000,0,22.80000,cool_slow,sintetico
138,16,23.47000,62.92000,0,23.82100,61.53900,-0.61000,1.52000,-0.06778,0.16889,0,22.69000,cool_slow,sintetico
138,17,23.47000,62.31000,0,23.76000,61.63000,-0.32000,1.13000,-0.03556,0.12556,0,22.52000,cool_slow,sintetico
138,18,23.47000,61.87000,0,23.72800,61.69900,-0.50000,0.89000,-0.05556,0.09889,0,22.41000,cool_slow,sintetico
138,19,23.42000,61.52000,0,23.67300,61.75300,-0.47000,0.15000,-0.05222,0.01667,0,22.42000,cool_slow,sintetico
139,9,23.60000,71.39000,1,24.55900,70.17100,-1.60000,0.96000,-0.17778,0.10667,10,20.03000,cool_fast,sintetico
139,10,23.34000,71.24000,1,24.37300,70.25200,-1.88000,1.00000,-0.20889,0.11111,10,20.20000,cool_fast,sintetico
139,11,23.33000,70.99000,1,24.18400,70.32700,-1.69000,0.93000,-0.18778,0.10333,10,20.12000,cool_fast,sintetico
139,12,23.21000,71.51000,1,24.00300,70.47200,-1.70000,2.10000,-0.18889,0.23333,10,20.00000,cool_fast,sintetico
139,13,22.98000,70.73000,1,23.81000,70.60400,-1.82000,1.26000,-0.20222,0.14000,10,20.00000,cool_fast,sintetico
139,14,22.65000,70.97000,1,23.59500,70.75400,-1.78000,0.59000,-0.19778,0.06556,10,20.00000,cool_fast,sintetico
139,15,22.53000,71.48000,1,23.40500,70.86400,-1.91000,1.62000,-0.21222,0.18000,10,20.00000,cool_fast,sintetico
139,16,22.34000,70.61000,1,23.19500,70.93900,-1.81000,0.71000,-0.20111,0.07889,10,20.00000,cool_fast,sintetico
139,17,21.90000,72.11000,1,22.97000,71.16000,-1.92000,1.54000,-0.21333,0.17111,10,20.00000,cool_fast,sintetico
139,18,21.80000,72.10000,1,22.76800,71.31300,-1.80000,0.71000,-0.20000,0.07889,10,20.00000,cool_fast,sintetico
139,19,21.67000,71.24000,1,22.57500,71.29800,-1.67000,0.00000,-0.18556,0.00000,10,20.00000,cool_fast,sintetico
140,9,23.08000,76.78000,0,22.91500,75.50000,0.08000,2.51000,0.00889,0.27889,0,23.03000,presence_in,sintetico
140,10,23.14000,76.48000,0,22.92900,75.72100,0.19000,1.37000,0.02111,0.15222,0,23.05000,presence_in,sintetico
140,11,23.08000,75.70000,0,22.94200,75.78000,0.26000,0.42000,0.02889,0.04667,0,22.97000,presence_in,sintetico
140,12,23.05000,76.00000,0,22.96500,75.85200,0.15000,0.89000,0.01667,0.09889,0,22.80000,presence_in,sintetico
140,13,23.04000,75.39000,1,22.97900,75.88000,0.20000,0.32000,0.02222,0.03556,1,22.69000,presence_in,sintetico
140,14,22.86000,76.55000,1,22.98100,76.02800,-0.08000,1.76000,-0.00889,0.19556,2,22.79000,presence_in,sintetico
140,15,22.90000,76.10000,1,22.97700,76.15900,0.09000,0.67000,0.01000,0.07444,3,22.96000,presence_in,sintetico
140,16,22.95000,77.31000,1,22.99100,76.34700,0.09000,1.33000,0.01000,0.14778,4,22.94000,presence_in,sintetico
140,17,23.03000,75.77000,1,23.00800,76.32600,0.08000,-1.41000,0.00889,-0.15667,5,23.07000,presence_in,sintetico
140,18,23.35000,74.76000,1,23.04800,76.08400,0.27000,-2.02000,0.03000,-0.22444,6,23.09000,presence_in,sintetico
140,19,23.32000,74.13000,1,23.07200,75.81900,0.18000,-2.35000,0.02000,-0.26111,7,22.98000,presence_in,sintetico
141,9,28.91000,48.16000,1,29.25100,47.67700,-0.37000,1.25000,-0.04111,0.13889,4,28.90000,presence_long,sintetico
141,10,28.79000,48.19000,1,29.20200,47.80500,-0.39000,0.24000,-0.04333,0.02667,5,28.89000,presence_long,sintetico
141,11,28.74000,49.14000,1,29.15800,47.92400,-0.61000,1.25000,-0.06778,0.13889,6,29.03000,presence_long,sintetico
141,12,28.77000,50.21000,1,29.10000,48.15600,-0.60000,2.68000,-0.06667,0.29778,7,29.13000,presence_long,sintetico
141,13,28.83000,50.99000,1,29.04600,48.50200,-0.55000,3.83000,-0.06111,0.42556,8,29.24000,presence_long,sintetico
141,14,28.81000,51.18000,1,28.98900,48.90400,-0.56000,3.02000,-0.06222,0.33556,9,29.40000,presence_long,sintetico
141,15,28.95000,51.68000,1,28.94700,49.25600,-0.41000,4.10000,-0.04556,0.45556,10,29.54000,presence_long,sintetico
141,16,29.02000,51.50000,1,28.91300,49.64800,-0.18000,3.85000,-0.02000,0.42778,10,29.64000,presence_long,sintetico
141,17,29.00000,52.12000,1,28.89300,50.09500,-0.11000,4.34000,-0.01222,0.48222,10,29.87000,presence_long,sintetico
141,18,29.16000,51.80000,1,28.89800,50.49700,0.25000,3.64000,0.02778,0.40444,10,29.94000,presence_long,sintetico
141,19,29.07000,51.30000,1,28.91400,50.81100,0.28000,3.11000,0.03111,0.34556,10,30.00000,presence_long,sintetico
142,9,23.40000,65.02000,1,23.37300,63.05300,0.29000,4.45000,0.03222,0.49444,10,23.66000,humidity_up,sintetico
142,10,23.47000,65.08000,1,23.40900,63.50400,0.12000,4.17000,0.01333,0.46333,10,23.92000,humidity_up,sintetico
142,11,23.58000,66.39000,1,23.43200,64.05200,0.19000,4.87000,0.02111,0.54111,10,23.73000,humidity_up,sintetico
142,12,23.62000,67.17000,1,23.45500,64.61700,0.21000,3.88000,0.02333,0.43111,10,23.79000,humidity_up,sintetico
142,13,23.47000,68.30000,1,23.46100,65.11800,0.05000,4.77000,0.00556,0.53000,10,23.84000,humidity_up,sintetico
142,14,23.69000,69.03000,1,23.48800,65.66800,0.05000,5.12000,0.00556,0.56889,10,23.87000,humidity_up,sintetico
142,15,23.61000,69.49000,1,23.48500,66.22600,0.16000,5.44000,0.01778,0.60444,10,23.97000,humidity_up,sintetico
142,16,23.56000,69.84000,1,23.49600,66.80500,0.26000,6.23000,0.02889,0.69222,10,24.14000,humidity_up,sintetico
142,17,23.64000,70.55000,1,23.53000,67.49900,0.38000,6.43000,0.04222,0.71444,10,24.18000,humidity_up,sintetico
142,18,23.76000,71.30000,1,23.58000,68.21700,0.36000,6.28000,0.04000,0.69778,10,24.39000,humidity_up,sintetico
142,19,23.66000,71.58000,1,23.60600,68.87300,0.19000,6.50000,0.02111,0.72222,10,24.44000,humidity_up,sintetico
143,9,27.06000,57.87000,0,27.07000,59.97900,-0.15000,-4.53000,-0.01667,-0.50333,0,27.02000,humidity_down,sintetico
143,10,27.08000,56.82000,0,27.05700,59.42100,-0.03000,-4.93000,-0.00333,-0.54778,0,27.19000,humidity_down,sintetico
143,11,26.96000,55.77000,0,27.04200,58.82300,-0.06000,-5.32000,-0.00667,-0.59111,0,27.24000,humidity_down,sintetico
143,12,27.14000,55.18000,0,27.05400,58.23200,0.13000,-6.38000,0.01444,-0.70889,0,27.44000,humidity_down,sintetico
143,13,26.94000,54.84000,0,27.04700,57.56000,-0.04000,-5.00000,-0.00444,-0.55556,0,27.34000,humidity_down,sintetico
143,14,26.96000,54.04000,0,27.04500,56.98000,-0.18000,-5.49000,-0.02000,-0.61000,0,27.33000,humidity_down,sintetico
143,15,26.84000,52.91000,0,27.01500,56.31800,-0.29000,-5.83000,-0.03222,-0.64778,0,27.07000,humidity_down,sintetico
143,16,26.97000,52.49000,0,26.99900,55.69300,-0.05000,-6.77000,-0.00556,-0.75222,0,26.94000,humidity_down,sintetico
143,17,27.02000,52.08000,0,26.99900,54.97500,0.00000,-5.67000,0.00000,-0.63000,0,26.80000,humidity_down,sintetico
143,18,27.06000,51.27000,0,27.00300,54.32700,0.00000,-6.60000,0.00000,-0.73333,0,26.87000,humidity_down,sintetico
143,19,27.04000,51.36000,0,27.00100,53.67600,-0.04000,-5.46000,-0.00444,-0.60667,0,26.75000,humidity_down,sintetico
144,9,33.96000,79.55000,1,33.87900,80.22500,0.13000,-1.68000,0.01444,-0.18667,10,33.84000,stable,sintetico
144,10,33.89000,78.97000,1,33.88500,79.99900,0.17000,-1.57000,0.01889,-0.17444,10,34.14000,stable,sintetico
144,11,33.84000,79.57000,1,33.89700,79.90200,0.17000,-1.03000,0.01889,-0.11444,10,34.33000,stable,sintetico
144,12,33.87000,80.10000,1,33.91700,79.85200,0.06000,-0.66000,0.00667,-0.07333,10,34.28000,stable,sintetico
144,13,33.93000,79.76000,1,33.92900,79.75200,-0.02000,-0.19000,-0.00222,-0.02111,10,34.17000,stable,sintetico
144,14,33.73000,79.25000,1,33.90700,79.68200,-0.17000,-1.09000,-0.01889,-0.12111,10,34.17000,stable,sintetico
144,15,33.65000,78.84000,1,33.88200,79.53200,-0.29000,-1.03000,-0.03222,-0.11444,10,33.98000,stable,sintetico
144,16,33.77000,79.37000,1,33.86500,79.48200,-0.28000,-0.20000,-0.03111,-0.02222,10,33.95000,stable,sintetico
144,17,34.04000,78.95000,1,33.86400,79.42000,0.08000,-0.89000,0.00889,-0.09889,10,33.87000,stable,sintetico
144,18,34.23000,79.83000,1,33.89100,79.41900,0.27000,0.28000,0.03000,0.03111,10,33.83000,stable,sintetico
144,19,34.20000,80.09000,1,33.91500,79.47300,0.31000,1.12000,0.03444,0.12444,10,33.83000,stable,sintetico
145,9,29.91000,75.20000,0,30.00200,73.89900,0.09000,2.78000,0.01000,0.30889,0,32.09000,warm_slow,sintetico
145,10,30.01000,74.94000,0,30.02100,74.15100,0.16000,1.89000,0.01778,0.21000,0,32.06000,warm_slow,sintetico
145,11,29.98000,74.75000,0,30.03400,74.32100,0.03000,1.70000,0.00333,0.18889,0,32.10000,warm_slow,sintetico
145,12,30.12000,74.32000,0,30.05100,74.44800,0.13000,1.25000,0.01444,0.13889,0,32.05000,warm_slow,sintetico
145,13,30.18000,74.19000,0,30.07000,74.56000,0.13000,1.07000,0.01444,0.11889,0,31.92000,warm_slow,sintetico
145,14,30.34000,74.74000,0,30.09900,74.72200,0.30000,1.12000,0.03333,0.12444,0,31.90000,warm_slow,sintetico
145,15,30.18000,75.39000,0,30.11300,74.89900,-0.02000,0.71000,-0.00222,0.07889,0,31.83000,warm_slow,sintetico
145,16,30.16000,75.60000,0,30.10900,74.99100,-0.03000,0.48000,-0.00333,0.05333,0,31.78000,warm_slow,sintetico
145,17,30.11000,75.88000,0,30.10100,75.06700,0.09000,0.22000,0.01000,0.02444,0,31.77000,warm_slow,sintetico
145,18,30.48000,76.03000,0,30.14700,75.10400,0.57000,0.83000,0.06333,0.09222,0,31.91000,warm_slow,sintetico
145,19,30.48000,75.99000,0,30.20400,75.18300,0.47000,1.05000,0.05222,0.11667,0,31.93000,warm_slow,sintetico
146,9,29.73000,54.50000,0,29.31600,55.25400,0.78000,-1.18000,0.08667,-0.13111,0,34.15000,warm_fast,sintetico
146,10,29.80000,54.77000,0,29.40100,55.16300,0.76000,-0.31000,0.08444,-0.03444,0,34.65000,warm_fast,sintetico
146,11,29.77000,55.34000,0,29.47400,55.18900,0.58000,-0.78000,0.06444,-0.08667,0,34.82000,warm_fast,sintetico
146,12,29.98000,55.45000,0,29.55300,55.12200,0.73000,-0.68000,0.08111,-0.07556,0,34.82000,warm_fast,sintetico
146,13,30.27000,55.35000,0,29.65500,55.04400,1.02000,-0.06000,0.11333,-0.00667,0,34.98000,warm_fast,sintetico
146,14,30.36000,56.18000,0,29.76600,55.12100,1.04000,0.94000,0.11556,0.10444,0,35.27000,warm_fast,sintetico
146,15,30.74000,55.88000,0,29.90800,55.18500,1.31000,0.69000,0.14556,0.07667,0,35.46000,warm_fast,sintetico
146,16,30.89000,56.54000,0,30.05400,55.32000,1.50000,1.61000,0.16667,0.17889,0,35.60000,warm_fast,sintetico
146,17,31.04000,56.94000,0,30.21900,55.52100,1.43000,2.68000,0.15889,0.29778,0,35.66000,warm_fast,sintetico
146,18,31.29000,56.72000,0,30.38700,55.76700,1.56000,2.22000,0.17333,0.24667,0,35.84000,warm_fast,sintetico
146,19,31.50000,56.79000,0,30.56400,55.99600,1.70000,2.02000,0.18889,0.22444,0,36.08000,warm_fast,sintetico
147,9,31.60000,53.17000,1,31.60000,53.31200,0.01000,0.00000,0.00111,0.00000,10,29.54000,cool_slow,sintetico
147,10,31.47000,52.60000,1,31.58800,53.25500,-0.07000,0.00000,-0.00778,0.00000,10,29.36000,cool_slow,sintetico
147,11,31.14000,53.00000,1,31.54800,53.29500,-0.50000,0.05000,-0.05556,0.00556,10,29.30000,cool_slow,sintetico
147,12,31.02000,53.42000,1,31.48600,53.34200,-0.69000,-0.02000,-0.07667,-0.00222,10,29.40000,cool_slow,sintetico
147,13,31.00000,53.67000,1,31.41500,53.36500,-0.62000,0.54000,-0.06889,0.06000,10,29.33000,cool_slow,sintetico
147,14,30.89000,53.17000,1,31.34200,53.36900,-0.88000,0.21000,-0.09778,0.02333,10,29.20000,cool_slow,sintetico
147,15,30.84000,53.59000,1,31.24900,53.43200,-0.71000,0.16000,-0.07889,0.01778,10,29.18000,cool_slow,sintetico
147,16,30.77000,53.13000,1,31.17100,53.40200,-0.74000,-1.05000,-0.08222,-0.11667,10,29.16000,cool_slow,sintetico
147,17,30.57000,53.16000,1,31.07700,53.30000,-0.90000,-0.93000,-0.10000,-0.10333,10,29.18000,cool_slow,sintetico
147,18,30.44000,53.04000,1,30.97400,53.19500,-1.16000,-0.13000,-0.12889,-0.01444,10,29.22000,cool_slow,sintetico
147,19,30.35000,52.72000,1,30.84900,53.15000,-1.12000,0.12000,-0.12444,0.01333,10,29.11000,cool_slow,sintetico
148,9,20.63000,66.90000,1,21.50700,67.41200,-1.79000,-1.59000,-0.19889,-0.17667,10,20.00000,cool_fast,sintetico
148,10,20.64000,67.06000,1,21.32900,67.26900,-1.56000,-1.05000,-0.17333,-0.11667,10,20.00000,cool_fast,sintetico
148,11,20.21000,66.64000,1,21.13000,67.12200,-1.71000,-0.43000,-0.19000,-0.04778,10,20.00000,cool_fast,sintetico
148,12,20.21000,67.45000,1,20.95900,67.16000,-1.63000,-0.63000,-0.18111,-0.07000,10,20.00000,cool_fast,sintetico
148,13,20.21000,67.24000,1,20.79600,67.07600,-1.27000,-0.24000,-0.14111,-0.02667,10,20.01000,cool_fast,sintetico
148,14,20.00000,67.14000,1,20.64800,67.04200,-1.41000,-0.24000,-0.15667,-0.02667,10,20.00000,cool_fast,sintetico
148,15,20.00000,67.92000,1,20.50700,67.09600,-1.36000,0.68000,-0.15111,0.07556,10,20.00000,cool_fast,sintetico
148,16,20.00000,67.85000,1,20.37100,67.15700,-1.13000,0.81000,-0.12556,0.09000,10,20.00000,cool_fast,sintetico
148,17,20.00000,67.99000,1,20.25800,67.25200,-0.68000,1.66000,-0.07556,0.18444,10,20.00000,cool_fast,sintetico
148,18,20.00000,67.51000,1,20.19000,67.37000,-0.63000,0.61000,-0.07000,0.06778,10,20.00000,cool_fast,sintetico
148,19,20.00000,68.18000,1,20.12700,67.49800,-0.64000,1.12000,-0.07111,0.12444,10,20.00000,cool_fast,sintetico
149,9,26.21000,44.61000,1,26.30300,44.95900,0.01000,-0.46000,0.00111,-0.05111,10,25.42000,presence_in,sintetico
149,10,26.15000,44.42000,1,26.29800,44.89400,-0.05000,-0.88000,-0.00556,-0.09778,10,25.31000,presence_in,sintetico
149,11,26.29000,43.75000,1,26.30700,44.73900,-0.08000,-1.32000,-0.00889,-0.14667,10,25.21000,presence_in,sintetico
149,12,26.08000,44.41000,1,26.27800,44.67300,-0.15000,-0.61000,-0.01667,-0.06778,10,25.07000,presence_in,sintetico
149,13,26.06000,44.20000,1,26.26100,44.59100,-0.40000,-0.18000,-0.04444,-0.02000,10,25.13000,presence_in,sintetico
149,14,26.05000,44.32000,1,26.22000,44.58500,-0.49000,-0.70000,-0.05444,-0.07778,10,25.09000,presence_in,sintetico
149,15,25.98000,44.59000,1,26.16400,44.54200,-0.27000,-0.66000,-0.03000,-0.07333,10,25.00000,presence_in,sintetico
149,16,25.87000,44.43000,1,26.12600,44.46000,-0.45000,-0.67000,-0.05000,-0.07444,10,25.20000,presence_in,sintetico
149,17,25.60000,45.07000,1,26.05400,44.45700,-0.65000,0.30000,-0.07222,0.03333,10,24.95000,presence_in,sintetico
149,18,25.58000,45.44000,1,25.98700,44.52400,-0.63000,0.83000,-0.07000,0.09222,10,25.06000,presence_in,sintetico
149,19,25.64000,45.74000,1,25.93000,44.63700,-0.51000,1.32000,-0.05667,0.14667,10,25.04000,presence_in,sintetico
150,9,23.16000,54.62000,1,23.02800,53.26200,0.17000,2.64000,0.01889,0.29333,4,23.22000,presence_long,sintetico
150,10,23.33000,54.62000,1,23.06200,53.52600,0.36000,2.19000,0.04000,0.24333,5,23.40000,presence_long,sintetico
150,11,23.41000,55.17000,1,23.10600,53.80000,0.35000,2.83000,0.03889,0.31444,6,23.25000,presence_long,sintetico
150,12,23.53000,55.68000,1,23.15300,54.13400,0.53000,2.46000,0.05889,0.27333,7,23.45000,presence_long,sintetico
150,13,23.61000,56.75000,1,23.21400,54.48700,0.54000,3.75000,0.06000,0.41667,8,23.44000,presence_long,sintetico
150,14,23.54000,56.67000,1,23.26100,54.85400,0.55000,3.10000,0.06111,0.34444,9,23.55000,presence_long,sintetico
150,15,23.52000,56.47000,1,23.31400,55.14400,0.51000,2.99000,0.05667,0.33222,10,23.48000,presence_long,sintetico
150,16,23.28000,57.22000,1,23.34100,55.51800,0.26000,3.56000,0.02889,0.39556,10,23.32000,presence_long,sintetico
150,17,23.16000,57.32000,1,23.35500,55.88400,0.15000,3.00000,0.01667,0.33333,10,23.49000,presence_long,sintetico
150,18,22.99000,57.66000,1,23.35300,56.21800,-0.17000,3.04000,-0.01889,0.33778,10,23.54000,presence_long,sintetico
150,19,22.89000,57.03000,1,23.32600,56.45900,-0.44000,2.41000,-0.04889,0.26778,10,23.40000,presence_long,sintetico
151,9,24.88000,84.81000,1,24.97300,80.75200,-0.21000,6.07000,-0.02333,0.67444,10,24.95000,humidity_up,sintetico
151,10,24.81000,85.07000,1,24.94500,81.38500,-0.33000,5.66000,-0.03667,0.62889,10,24.76000,humidity_up,sintetico
151,11,24.77000,85.80000,1,24.90800,82.02400,-0.25000,6.74000,-0.02778,0.74889,10,24.76000,humidity_up,sintetico
151,12,24.64000,86.19000,1,24.87000,82.73700,-0.23000,7.51000,-0.02556,0.83444,10,24.84000,humidity_up,sintetico
151,13,24.70000,86.86000,1,24.85300,83.55500,-0.18000,7.42000,-0.02000,0.82444,10,24.87000,humidity_up,sintetico
151,14,24.75000,87.23000,1,24.84000,84.33400,-0.01000,7.16000,-0.00111,0.79556,10,24.90000,humidity_up,sintetico
151,15,24.83000,88.36000,1,24.84700,85.16300,-0.11000,6.66000,-0.01222,0.74000,10,24.75000,humidity_up,sintetico
151,16,24.95000,89.15000,1,24.84800,85.90800,-0.08000,6.99000,-0.00889,0.77667,10,24.59000,humidity_up,sintetico
151,17,25.06000,90.18000,1,24.85100,86.71000,-0.06000,6.73000,-0.00667,0.74778,10,24.61000,humidity_up,sintetico
151,18,25.38000,91.40000,1,24.87700,87.50500,0.50000,6.59000,0.05556,0.73222,10,24.62000,humidity_up,sintetico
151,19,25.37000,91.44000,1,24.92600,88.16800,0.56000,6.37000,0.06222,0.70778,10,24.49000,humidity_up,sintetico
152,9,24.25000,59.13000,0,24.61000,60.87200,-0.55000,-2.10000,-0.06111,-0.23333,0,24.14000,humidity_down,sintetico
152,10,24.12000,57.93000,0,24.54200,60.54200,-0.63000,-3.78000,-0.07000,-0.42000,0,24.25000,humidity_down,sintetico
152,11,24.10000,57.96000,0,24.47700,60.16700,-0.46000,-3.90000,-0.05111,-0.43333,0,24.37000,humidity_down,sintetico
152,12,24.15000,57.69000,0,24.43600,59.75000,-0.61000,-4.04000,-0.06778,-0.44889,0,24.33000,humidity_down,sintetico
152,13,24.14000,56.96000,0,24.37400,59.27300,-0.58000,-5.01000,-0.06444,-0.55667,0,24.37000,humidity_down,sintetico
152,14,24.23000,56.10000,0,24.32500,58.68600,-0.45000,-4.93000,-0.05000,-0.54778,0,24.48000,humidity_down,sintetico
152,15,24.33000,56.23000,0,24.29000,58.20600,-0.30000,-3.94000,-0.03333,-0.43778,0,24.55000,humidity_down,sintetico
152,16,24.23000,55.29000,0,24.25000,57.71800,-0.29000,-4.94000,-0.03222,-0.54889,0,24.58000,humidity_down,sintetico
152,17,24.17000,53.94000,0,24.21500,57.08900,-0.26000,-5.72000,-0.02889,-0.63556,0,24.65000,humidity_down,sintetico
152,18,24.11000,54.10000,0,24.18300,56.53300,-0.14000,-5.03000,-0.01556,-0.55889,0,24.70000,humidity_down,sintetico
152,19,23.99000,54.28000,0,24.15700,56.04800,-0.13000,-3.65000,-0.01444,-0.40556,0,24.69000,humidity_down,sintetico
153,9,28.34000,63.21000,1,28.79600,61.17500,-0.68000,3.00000,-0.07556,0.33333,10,28.71000,stable,sintetico
153,10,28.35000,62.82000,1,28.72900,61.43600,-0.72000,2.11000,-0.08000,0.23444,10,28.56000,stable,sintetico
153,11,28.31000,62.87000,1,28.65300,61.65200,-0.70000,2.59000,-0.07778,0.28778,10,28.46000,stable,sintetico
153,12,28.34000,63.11000,1,28.58600,61.93500,-0.72000,2.99000,-0.08000,0.33222,10,28.61000,stable,sintetico
153,13,28.34000,62.35000,1,28.51400,62.15800,-0.57000,1.17000,-0.06333,0.13000,10,28.76000,stable,sintetico
153,14,28.29000,62.69000,1,28.45200,62.30900,-0.52000,2.05000,-0.05778,0.22778,10,29.03000,stable,sintetico
153,15,28.21000,63.06000,1,28.39200,62.55100,-0.58000,1.74000,-0.06444,0.19333,10,28.92000,stable,sintetico
153,16,28.22000,62.94000,1,28.33500,62.71300,-0.31000,0.97000,-0.03444,0.10778,10,28.90000,stable,sintetico
153,17,28.36000,61.98000,1,28.31800,62.71400,-0.06000,-0.13000,-0.00667,-0.01444,10,28.70000,stable,sintetico
153,18,28.28000,62.66000,1,28.30400,62.76900,-0.06000,-0.55000,-0.00667,-0.06111,10,28.54000,stable,sintetico
153,19,28.50000,63.92000,1,28.32000,62.84000,0.15000,1.10000,0.01667,0.12222,10,28.49000,stable,sintetico
154,9,23.82000,69.01000,1,23.39400,69.73400,0.90000,0.03000,0.10000,0.00333,10,24.88000,warm_slow,sintetico
154,10,23.76000,69.38000,1,23.47800,69.77400,0.73000,-0.44000,0.08111,-0.04889,10,24.93000,warm_slow,sintetico
154,11,23.72000,69.13000,1,23.54700,69.70500,0.57000,-1.34000,0.06333,-0.14889,10,25.07000,warm_slow,sintetico
154,12,23.56000,69.37000,1,23.58800,69.59500,0.21000,-0.62000,0.02333,-0.06889,10,25.29000,warm_slow,sintetico
154,13,23.81000,68.88000,1,23.63400,69.48400,0.35000,-1.73000,0.03889,-0.19222,10,25.41000,warm_slow,sintetico
154,14,23.99000,68.93000,1,23.68700,69.31600,0.52000,-1.33000,0.05778,-0.14778,10,25.67000,warm_slow,sintetico
154,15,23.84000,68.52000,1,23.72400,69.14200,0.25000,-1.00000,0.02778,-0.11111,10,25.88000,warm_slow,sintetico
154,16,23.78000,68.42000,1,23.74300,69.03200,0.26000,-0.82000,0.02889,-0.09111,10,26.07000,warm_slow,sintetico
154,17,23.89000,69.52000,1,23.78000,69.06000,0.26000,0.08000,0.02889,0.00889,10,25.98000,warm_slow,sintetico
154,18,23.78000,69.33000,1,23.79500,69.04900,-0.04000,0.32000,-0.00444,0.03556,10,26.16000,warm_slow,sintetico
154,19,23.73000,68.72000,1,23.78600,69.02000,-0.03000,-0.66000,-0.00333,-0.07333,10,26.15000,warm_slow,sintetico
155,9,32.83000,80.50000,1,32.29400,80.66200,1.12000,0.20000,0.12444,0.02222,10,37.14000,warm_fast,sintetico
155,10,33.01000,80.71000,1,32.42400,80.70300,1.11000,0.01000,0.12333,0.00111,10,37.25000,warm_fast,sintetico
155,11,33.15000,80.40000,1,32.54900,80.67300,1.15000,-0.37000,0.12778,-0.04111,10,37.15000,warm_fast,sintetico
155,12,33.39000,80.42000,1,32.68800,80.63800,1.20000,0.14000,0.13333,0.01556,10,37.32000,warm_fast,sintetico
155,13,33.49000,81.31000,1,32.81800,80.74100,1.24000,0.30000,0.13778,0.03333,10,37.47000,warm_fast,sintetico
155,14,33.64000,81.99000,1,32.95700,80.83900,1.42000,0.66000,0.15778,0.07333,10,37.84000,warm_fast,sintetico
155,15,33.94000,82.78000,1,33.12900,80.98400,1.60000,1.90000,0.17778,0.21111,10,38.04000,warm_fast,sintetico
155,16,34.19000,82.86000,1,33.31400,81.18200,1.45000,2.42000,0.16111,0.26889,10,38.13000,warm_fast,sintetico
155,17,34.34000,82.81000,1,33.47400,81.41900,1.58000,2.40000,0.17556,0.26667,10,38.27000,warm_fast,sintetico
155,18,34.24000,83.28000,1,33.62200,81.70600,1.41000,2.78000,0.15667,0.30889,10,38.47000,warm_fast,sintetico
155,19,34.43000,83.82000,1,33.78200,82.03800,1.42000,3.11000,0.15778,0.34556,10,38.73000,warm_fast,sintetico
156,9,31.25000,71.63000,0,31.96500,71.26000,-1.46000,0.55000,-0.16222,0.06111,0,28.96000,cool_slow,sintetico
156,10,31.15000,71.51000,0,31.80900,71.30300,-1.56000,0.69000,-0.17333,0.07667,0,28.93000,cool_slow,sintetico
156,11,31.12000,70.72000,0,31.65000,71.29300,-1.40000,0.76000,-0.15556,0.08444,0,28.79000,cool_slow,sintetico
156,12,31.11000,70.41000,0,31.50900,71.33800,-1.15000,-0.44000,-0.12778,-0.04889,0,28.79000,cool_slow,sintetico
156,13,31.08000,70.01000,0,31.39100,71.25400,-0.85000,-1.41000,-0.09444,-0.15667,0,28.79000,cool_slow,sintetico
156,14,30.83000,69.69000,0,31.28100,71.08100,-0.95000,-2.31000,-0.10556,-0.25667,0,28.74000,cool_slow,sintetico
156,15,30.85000,69.83000,0,31.18800,70.86400,-0.60000,-1.96000,-0.06667,-0.21778,0,28.83000,cool_slow,sintetico
156,16,30.80000,70.25000,0,31.12300,70.71000,-0.77000,-1.85000,-0.08556,-0.20556,0,28.80000,cool_slow,sintetico
156,17,30.71000,70.20000,0,31.03700,70.52000,-0.76000,-0.75000,-0.08444,-0.08333,0,28.69000,cool_slow,sintetico
156,18,30.59000,70.64000,0,30.94900,70.48900,-0.66000,-0.99000,-0.07333,-0.11000,0,28.46000,cool_slow,sintetico
156,19,30.57000,70.26000,0,30.88100,70.35200,-0.58000,-1.25000,-0.06444,-0.13889,0,28.39000,cool_slow,sintetico
157,9,26.68000,72.81000,1,27.30400,73.32600,-1.00000,-1.50000,-0.11111,-0.16667,10,21.87000,cool_fast,sintetico
157,10,26.53000,73.61000,1,27.18900,73.25600,-1.08000,-1.07000,-0.12000,-0.11889,10,21.77000,cool_fast,sintetico
157,11,26.43000,73.47000,1,27.07100,73.13500,-1.16000,-0.85000,-0.12889,-0.09444,10,21.47000,cool_fast,sintetico
157,12,26.54000,74.02000,1,26.96600,73.10500,-1.02000,0.81000,-0.11333,0.09000,10,21.25000,cool_fast,sintetico
157,13,26.48000,74.12000,1,26.85800,73.19600,-1.07000,1.00000,-0.11889,0.11111,10,21.08000,cool_fast,sintetico
157,14,26.40000,74.46000,1,26.74300,73.33000,-0.99000,2.54000,-0.11000,0.28222,10,20.95000,cool_fast,sintetico
157,15,25.98000,74.60000,1,26.60200,73.59800,-1.21000,2.01000,-0.13444,0.22333,10,20.82000,cool_fast,sintetico
157,16,25.80000,74.24000,1,26.46300,73.76300,-1.17000,1.34000,-0.13000,0.14889,10,20.73000,cool_fast,sintetico
157,17,25.62000,73.31000,1,26.32800,73.80400,-1.20000,-0.09000,-0.13333,-0.01000,10,20.49000,cool_fast,sintetico
157,18,25.24000,73.91000,1,26.17000,73.85500,-1.44000,1.10000,-0.16000,0.12222,10,20.13000,cool_fast,sintetico
157,19,25.14000,72.50000,1,26.01600,73.82400,-1.39000,-1.11000,-0.15444,-0.12333,10,20.00000,cool_fast,sintetico
158,9,22.62000,75.84000,0,22.29300,76.29400,0.50000,-1.10000,0.05556,-0.12222,0,22.18000,presence_in,sintetico
158,10,22.37000,76.31000,0,22.31800,76.23100,-0.05000,-0.26000,-0.00556,-0.02889,0,22.32000,presence_in,sintetico
158,11,22.32000,76.10000,0,22.30800,76.18400,-0.10000,-0.54000,-0.01111,-0.06000,0,22.27000,presence_in,sintetico
158,12,22.15000,77.00000,0,22.28100,76.22000,-0.08000,0.65000,-0.00889,0.07222,0,22.30000,presence_in,sintetico
158,13,22.08000,77.86000,1,22.26600,76.37100,-0.20000,1.46000,-0.02222,0.16222,1,22.32000,presence_in,sintetico
158,14,22.03000,77.35000,1,22.24100,76.46600,0.02000,1.27000,0.00222,0.14111,2,22.01000,presence_in,sintetico
158,15,22.19000,77.31000,1,22.25900,76.58900,0.06000,0.90000,0.00667,0.10000,3,21.97000,presence_in,sintetico
158,16,22.18000,76.61000,1,22.26400,76.60900,-0.09000,0.74000,-0.01000,0.08222,4,21.98000,presence_in,sintetico
158,17,22.13000,76.84000,1,22.25000,76.70600,-0.30000,1.00000,-0.03333,0.11111,5,21.98000,presence_in,sintetico
158,18,21.97000,76.55000,1,22.20400,76.77700,-0.65000,0.71000,-0.07222,0.07889,6,21.85000,presence_in,sintetico
158,19,21.92000,76.58000,1,22.13400,76.85100,-0.45000,0.27000,-0.05000,0.03000,7,21.77000,presence_in,sintetico
159,9,25.24000,61.28000,1,25.12200,63.21800,0.12000,-3.91000,0.01333,-0.43444,4,26.01000,presence_long,sintetico
159,10,25.36000,61.04000,1,25.14600,62.80300,0.15000,-4.43000,0.01667,-0.49222,5,26.19000,presence_long,sintetico
159,11,25.24000,60.46000,1,25.14900,62.30200,0.09000,-3.58000,0.01000,-0.39778,6,26.28000,presence_long,sintetico
159,12,25.27000,61.46000,1,25.16100,62.04400,0.20000,-2.31000,0.02222,-0.25667,7,26.40000,presence_long,sintetico
159,13,25.32000,61.25000,1,25.18600,61.79200,0.36000,-2.29000,0.04000,-0.25444,8,26.36000,presence_long,sintetico
159,14,25.30000,61.23000,1,25.22000,61.56100,0.24000,-2.29000,0.02667,-0.25444,9,26.40000,presence_long,sintetico
159,15,25.54000,61.91000,1,25.26800,61.40000,0.36000,-0.78000,0.04000,-0.08667,10,26.56000,presence_long,sintetico
159,16,25.58000,61.97000,1,25.30800,61.32800,0.44000,0.34000,0.04889,0.03778,10,26.55000,presence_long,sintetico
159,17,25.61000,62.25000,1,25.35500,61.39000,0.52000,1.20000,0.05778,0.13333,10,26.60000,presence_long,sintetico
159,18,25.56000,61.78000,1,25.40200,61.46300,0.32000,0.50000,0.03556,0.05556,10,26.41000,presence_long,sintetico
159,19,25.69000,61.79000,1,25.44700,61.51400,0.33000,0.75000,0.03667,0.08333,10,26.49000,presence_long,sintetico
160,9,30.18000,71.41000,0,29.95600,69.08200,0.35000,3.67000,0.03889,0.40778,0,29.80000,humidity_up,sintetico
160,10,30.31000,71.83000,0,30.00400,69.49100,0.60000,4.53000,0.06667,0.50333,0,29.77000,humidity_up,sintetico
160,11,30.31000,72.76000,0,30.06400,70.03700,0.47000,4.53000,0.05222,0.50333,0,29.88000,humidity_up,sintetico
160,12,30.25000,73.15000,0,30.10500,70.52900,0.27000,4.77000,0.03000,0.53000,0,30.01000,humidity_up,sintetico
160,13,30.17000,73.46000,0,30.12400,71.03700,0.10000,5.35000,0.01111,0.59444,0,30.32000,humidity_up,sintetico
160,14,30.17000,73.56000,0,30.13400,71.58200,0.20000,4.83000,0.02222,0.53667,0,30.29000,humidity_up,sintetico
160,15,30.21000,74.26000,0,30.15800,72.13500,0.16000,4.06000,0.01778,0.45111,0,30.18000,humidity_up,sintetico
160,16,30.19000,74.36000,0,30.17200,72.55100,0.17000,4.09000,0.01889,0.45444,0,29.97000,humidity_up,sintetico
160,17,30.20000,74.63000,0,30.19000,72.98700,0.29000,4.18000,0.03222,0.46444,0,29.96000,humidity_up,sintetico
160,18,30.21000,75.78000,0,30.22000,73.52000,0.03000,4.37000,0.00333,0.48556,0,30.09000,humidity_up,sintetico
160,19,30.06000,77.53000,0,30.20800,74.13200,-0.25000,5.70000,-0.02778,0.63333,0,30.34000,humidity_up,sintetico
161,9,31.78000,79.76000,0,31.63100,82.28300,0.33000,-5.14000,0.03667,-0.57111,0,32.44000,humidity_down,sintetico
161,10,31.78000,78.57000,0,31.66400,81.65000,0.31000,-5.84000,0.03444,-0.64889,0,32.55000,humidity_down,sintetico
161,11,31.82000,77.73000,0,31.69900,80.98200,0.32000,-5.34000,0.03556,-0.59333,0,32.60000,humidity_down,sintetico
161,12,31.70000,77.88000,0,31.71900,80.46300,0.21000,-5.41000,0.02333,-0.60111,0,32.51000,humidity_down,sintetico
161,13,31.96000,78.40000,0,31.76600,79.97400,0.34000,-4.27000,0.03778,-0.47444,0,32.42000,humidity_down,sintetico
161,14,32.04000,77.70000,0,31.80800,79.47700,0.24000,-3.73000,0.02667,-0.41444,0,32.31000,humidity_down,sintetico
161,15,32.03000,77.37000,0,31.83100,79.07100,0.34000,-4.53000,0.03778,-0.50333,0,32.22000,humidity_down,sintetico
161,16,31.98000,77.55000,0,31.86000,78.63600,0.22000,-3.65000,0.02444,-0.40556,0,32.14000,humidity_down,sintetico
161,17,31.73000,76.84000,0,31.85700,78.20000,-0.02000,-3.36000,-0.00222,-0.37333,0,32.19000,humidity_down,sintetico
161,18,31.83000,75.82000,0,31.86500,77.76200,0.05000,-3.94000,0.00556,-0.43778,0,32.06000,humidity_down,sintetico
161,19,31.80000,75.60000,0,31.86700,77.34600,0.02000,-2.97000,0.00222,-0.33000,0,31.92000,humidity_down,sintetico
162,9,28.60000,49.92000,0,29.01300,50.23400,-0.75000,-0.03000,-0.08333,-0.00333,0,28.02000,stable,sintetico
162,10,28.54000,50.77000,0,28.93200,50.31600,-0.70000,0.50000,-0.07778,0.05556,0,28.02000,stable,sintetico
162,11,28.60000,50.63000,0,28.86800,50.35200,-0.50000,0.47000,-0.05556,0.05222,0,28.06000,stable,sintetico
162,12,28.76000,51.49000,0,28.83400,50.48500,-0.27000,1.72000,-0.03000,0.19111,0,28.12000,stable,sintetico
162,13,28.82000,51.06000,0,28.81300,50.61400,-0.18000,0.80000,-0.02000,0.08889,0,28.17000,stable,sintetico
162,14,28.76000,50.27000,0,28.78900,50.61500,-0.37000,-0.50000,-0.04111,-0.05556,0,28.26000,stable,sintetico
162,15,28.75000,49.69000,0,28.75100,50.50700,-0.42000,-0.94000,-0.04667,-0.10444,0,28.51000,stable,sintetico
162,16,28.71000,49.83000,0,28.70500,50.42700,-0.18000,-1.00000,-0.02000,-0.11111,0,28.54000,stable,sintetico
162,17,28.48000,49.14000,0,28.66400,50.25800,-0.14000,-0.64000,-0.01556,-0.07111,0,28.68000,stable,sintetico
162,18,28.42000,49.11000,0,28.64400,50.19100,-0.18000,-0.81000,-0.02000,-0.09000,0,28.75000,stable,sintetico
162,19,28.36000,48.96000,0,28.62000,50.09500,-0.18000,-1.81000,-0.02000,-0.20111,0,29.01000,stable,sintetico
163,9,29.03000,81.38000,0,28.66900,79.78700,0.93000,1.59000,0.10333,0.17667,0,31.95000,warm_slow,sintetico
163,10,29.18000,81.52000,0,28.77700,79.96000,0.89000,1.88000,0.09889,0.20889,0,32.03000,warm_slow,sintetico
163,11,29.29000,81.20000,0,28.87700,80.11600,0.80000,2.04000,0.08889,0.22667,0,32.12000,warm_slow,sintetico
163,12,29.30000,80.54000,0,28.95800,80.25400,0.78000,1.45000,0.08667,0.16111,0,32.12000,warm_slow,sintetico
163,13,29.54000,80.87000,0,29.06000,80.43200,0.90000,1.50000,0.10000,0.16667,0,32.07000,warm_slow,sintetico
163,14,29.49000,81.10000,0,29.14500,80.60500,0.71000,1.50000,0.07889,0.16667,0,32.16000,warm_slow,sintetico
163,15,29.69000,81.72000,0,29.23600,80.81700,0.77000,2.53000,0.08556,0.28111,0,32.20000,warm_slow,sintetico
163,16,29.64000,80.08000,0,29.30800,80.90600,0.61000,-0.07000,0.06778,-0.00778,0,32.30000,warm_slow,sintetico
163,17,29.75000,79.67000,0,29.38000,80.85800,0.86000,-0.83000,0.09556,-0.09222,0,32.25000,warm_slow,sintetico
163,18,29.88000,80.27000,0,29.47900,80.83500,0.85000,-1.11000,0.09444,-0.12333,0,32.28000,warm_slow,sintetico
163,19,30.07000,81.31000,0,29.58300,80.82800,0.89000,-0.21000,0.09889,-0.02333,0,32.39000,warm_slow,sintetico
164,9,29.86000,83.55000,1,28.98300,84.06400,1.61000,-0.14000,0.17889,-0.01556,10,34.54000,warm_fast,sintetico
164,10,30.15000,82.87000,1,29.17300,83.98200,1.89000,-1.54000,0.21000,-0.17111,10,34.65000,warm_fast,sintetico
164,11,30.29000,83.23000,1,29.37600,83.86400,1.67000,-1.14000,0.18556,-0.12667,10,34.84000,warm_fast,sintetico
164,12,30.44000,82.66000,1,29.55800,83.69300,1.71000,-2.35000,0.19000,-0.26111,10,35.13000,warm_fast,sintetico
164,13,30.32000,83.57000,1,29.71700,83.54900,1.45000,-0.23000,0.16111,-0.02556,10,35.33000,warm_fast,sintetico
164,14,30.51000,84.30000,1,29.88100,83.59900,1.49000,0.16000,0.16556,0.01778,10,35.61000,warm_fast,sintetico
164,15,30.78000,84.70000,1,30.05700,83.65500,1.51000,0.97000,0.16778,0.10778,10,35.64000,warm_fast,sintetico
164,16,30.90000,85.05000,1,30.22000,83.78700,1.50000,0.70000,0.16667,0.07778,10,35.89000,warm_fast,sintetico
164,17,31.23000,85.18000,1,30.40300,83.87000,1.68000,1.59000,0.18667,0.17667,10,36.10000,warm_fast,sintetico
164,18,31.62000,84.43000,1,30.61000,83.95400,1.76000,0.88000,0.19556,0.09778,10,36.23000,warm_fast,sintetico
164,19,31.59000,85.06000,1,30.78300,84.10500,1.44000,2.19000,0.16000,0.24333,10,36.52000,warm_fast,sintetico
165,9,32.31000,46.80000,0,32.79500,45.48500,-1.08000,2.04000,-0.12000,0.22667,0,31.46000,cool_slow,sintetico
165,10,32.25000,47.81000,0,32.68100,45.79000,-0.87000,3.36000,-0.09667,0.37333,0,31.30000,cool_slow,sintetico
165,11,32.22000,47.74000,0,32.59100,46.11900,-0.82000,3.00000,-0.09111,0.33333,0,31.09000,cool_slow,sintetico
165,12,32.14000,47.97000,0,32.50100,46.44200,-0.83000,2.84000,-0.09222,0.31556,0,30.83000,cool_slow,sintetico
165,13,32.01000,47.97000,0,32.40500,46.72600,-0.91000,2.91000,-0.10111,0.32333,0,30.69000,cool_slow,sintetico
165,14,31.95000,48.07000,0,32.30800,47.02700,-0.84000,2.31000,-0.09333,0.25667,0,30.75000,cool_slow,sintetico
165,15,31.94000,48.21000,0,32.22300,47.27200,-0.61000,2.37000,-0.06778,0.26333,0,30.81000,cool_slow,sintetico
165,16,31.89000,48.99000,0,32.15700,47.58700,-0.57000,2.80000,-0.06333,0.31111,0,30.80000,cool_slow,sintetico
165,17,31.88000,50.35000,0,32.09900,48.00300,-0.52000,4.23000,-0.05778,0.47000,0,30.71000,cool_slow,sintetico
165,18,31.82000,50.79000,0,32.04100,48.47000,-0.49000,3.99000,-0.05444,0.44333,0,30.71000,cool_slow,sintetico
165,19,31.68000,51.48000,0,31.97800,48.93800,-0.57000,3.67000,-0.06333,0.40778,0,30.66000,cool_slow,sintetico
166,9,21.14000,79.66000,0,21.64500,81.03200,-1.02000,-1.71000,-0.11333,-0.19000,0,20.00000,cool_fast,sintetico
166,10,21.06000,80.19000,0,21.53500,80.91400,-0.98000,-0.93000,-0.10889,-0.10333,0,20.00000,cool_fast,sintetico
166,11,21.04000,80.48000,0,21.43500,80.85000,-0.91000,-1.11000,-0.10111,-0.12333,0,20.00000,cool_fast,sintetico
166,12,20.87000,80.09000,0,21.32700,80.70000,-1.01000,-1.82000,-0.11222,-0.20222,0,20.00000,cool_fast,sintetico
166,13,20.61000,79.92000,0,21.20000,80.50100,-0.93000,-0.54000,-0.10333,-0.06000,0,20.00000,cool_fast,sintetico
166,14,20.33000,80.81000,0,21.07900,80.53600,-1.20000,0.19000,-0.13333,0.02111,0,20.00000,cool_fast,sintetico
166,15,20.01000,80.62000,0,20.92700,80.53600,-1.36000,-0.30000,-0.15111,-0.03333,0,20.00000,cool_fast,sintetico
166,16,20.00000,80.70000,0,20.79000,80.51400,-1.44000,-0.92000,-0.16000,-0.10222,0,20.00000,cool_fast,sintetico
166,17,20.00000,80.42000,0,20.64600,80.39400,-1.40000,-0.63000,-0.15556,-0.07000,0,20.00000,cool_fast,sintetico
166,18,20.00000,80.35000,0,20.50600,80.32400,-1.14000,0.69000,-0.12667,0.07667,0,20.00000,cool_fast,sintetico
166,19,20.00000,80.19000,0,20.39200,80.37700,-1.06000,0.00000,-0.11778,0.00000,0,20.00000,cool_fast,sintetico
167,9,24.30000,54.17000,1,24.19300,54.07300,0.05000,-0.40000,0.00556,-0.04444,10,25.33000,presence_in,sintetico
167,10,24.29000,54.32000,1,24.19700,54.04800,-0.14000,0.03000,-0.01556,0.00333,10,25.37000,presence_in,sintetico
167,11,24.29000,54.43000,1,24.18300,54.06200,-0.10000,0.27000,-0.01111,0.03000,10,25.12000,presence_in,sintetico
167,12,24.22000,54.16000,1,24.16600,54.06200,-0.02000,-0.18000,-0.00222,-0.02000,10,25.25000,presence_in,sintetico
167,13,24.22000,53.08000,1,24.16400,53.93600,0.08000,-0.94000,0.00889,-0.10444,10,25.47000,presence_in,sintetico
167,14,24.40000,54.27000,1,24.19000,53.96100,0.34000,0.57000,0.03778,0.06333,10,25.51000,presence_in,sintetico
167,15,24.42000,54.63000,1,24.22600,54.05400,0.46000,0.79000,0.05111,0.08778,10,25.39000,presence_in,sintetico
167,16,24.55000,53.90000,1,24.28500,54.06000,0.61000,0.04000,0.06778,0.00444,10,25.34000,presence_in,sintetico
167,17,24.66000,53.67000,1,24.35700,54.04100,0.44000,-0.11000,0.04889,-0.01222,10,25.23000,presence_in,sintetico
167,18,24.94000,53.57000,1,24.42900,54.02000,0.64000,-0.60000,0.07111,-0.06667,10,25.44000,presence_in,sintetico
167,19,25.05000,53.47000,1,24.50400,53.95000,0.76000,-0.85000,0.08444,-0.09444,10,25.40000,presence_in,sintetico
168,9,32.77000,75.50000,1,32.46200,74.95900,0.32000,0.61000,0.03556,0.06778,4,33.66000,presence_long,sintetico
168,10,32.80000,74.74000,1,32.49700,74.94400,0.37000,-0.51000,0.04111,-0.05667,5,33.37000,presence_long,sintetico
168,11,32.56000,75.23000,1,32.51000,74.94200,0.12000,0.38000,0.01333,0.04222,6,33.58000,presence_long,sintetico
168,12,32.72000,74.78000,1,32.53800,74.93500,0.37000,-0.24000,0.04111,-0.02667,7,33.55000,presence_long,sintetico
168,13,32.69000,74.47000,1,32.57200,74.88000,0.29000,-0.37000,0.03222,-0.04111,8,33.59000,presence_long,sintetico
168,14,32.62000,75.06000,1,32.59400,74.90200,0.35000,-0.47000,0.03889,-0.05222,9,33.66000,presence_long,sintetico
168,15,32.64000,74.94000,1,32.63100,74.84300,0.25000,0.50000,0.02778,0.05556,10,34.04000,presence_long,sintetico
168,16,32.96000,74.15000,1,32.68800,74.81400,0.41000,-0.17000,0.04556,-0.01889,10,34.01000,presence_long,sintetico
168,17,33.03000,73.57000,1,32.73600,74.73900,0.46000,-1.38000,0.05111,-0.15333,10,34.13000,presence_long,sintetico
168,18,33.01000,73.65000,1,32.78000,74.60900,0.24000,-1.85000,0.02667,-0.20556,10,34.14000,presence_long,sintetico
168,19,33.11000,73.51000,1,32.81400,74.41000,0.31000,-1.23000,0.03444,-0.13667,10,34.13000,presence_long,sintetico
169,9,30.43000,71.62000,1,30.63400,69.65100,-0.46000,3.67000,-0.05111,0.40778,10,30.95000,humidity_up,sintetico
169,10,30.51000,72.40000,1,30.59600,70.09600,-0.19000,4.34000,-0.02111,0.48222,10,30.89000,humidity_up,sintetico
169,11,30.61000,72.73000,1,30.58700,70.56300,-0.09000,4.52000,-0.01000,0.50222,10,30.88000,humidity_up,sintetico
169,12,30.79000,73.65000,1,30.59600,71.10700,0.14000,4.18000,0.01556,0.46444,10,30.97000,humidity_up,sintetico
169,13,30.81000,74.54000,1,30.61200,71.61400,0.17000,5.53000,0.01889,0.61444,10,31.13000,humidity_up,sintetico
169,14,30.72000,73.93000,1,30.62000,72.10600,0.13000,4.34000,0.01444,0.48222,10,31.36000,humidity_up,sintetico
169,15,30.65000,74.89000,1,30.62600,72.63600,0.06000,4.44000,0.00667,0.49333,10,31.32000,humidity_up,sintetico
169,16,30.66000,75.36000,1,30.63300,73.12700,0.01000,4.44000,0.00111,0.49333,10,31.34000,humidity_up,sintetico
169,17,30.56000,74.84000,1,30.62400,73.51900,0.06000,3.61000,0.00667,0.40111,10,31.48000,humidity_up,sintetico
169,18,30.73000,75.27000,1,30.64700,73.92300,0.30000,3.65000,0.03333,0.40556,10,31.53000,humidity_up,sintetico
169,19,30.68000,75.45000,1,30.67200,74.30600,0.17000,3.05000,0.01889,0.33889,10,31.51000,humidity_up,sintetico
170,9,25.07000,68.83000,0,24.76900,71.58000,0.19000,-5.76000,0.02111,-0.64000,0,24.91000,humidity_down,sintetico
170,10,25.09000,68.15000,0,24.79000,70.93600,0.44000,-4.97000,0.04889,-0.55222,0,24.89000,humidity_down,sintetico
170,11,25.04000,68.80000,0,24.82900,70.50400,0.38000,-3.12000,0.04222,-0.34667,0,24.89000,humidity_down,sintetico
170,12,24.99000,68.08000,0,24.86200,70.12000,0.31000,-3.40000,0.03444,-0.37778,0,25.18000,humidity_down,sintetico
170,13,24.91000,67.55000,0,24.88500,69.72700,0.29000,-4.37000,0.03222,-0.48556,0,25.37000,humidity_down,sintetico
170,14,24.89000,66.39000,0,24.91200,69.17400,0.20000,-5.65000,0.02222,-0.62778,0,25.43000,humidity_down,sintetico
170,15,24.84000,66.17000,0,24.92700,68.58700,0.04000,-5.24000,0.00444,-0.58222,0,25.44000,humidity_down,sintetico
170,16,24.97000,65.63000,0,24.94400,68.00900,0.19000,-5.07000,0.02111,-0.56333,0,25.44000,humidity_down,sintetico
170,17,24.97000,64.89000,0,24.96300,67.42800,0.11000,-4.90000,0.01222,-0.54444,0,25.53000,humidity_down,sintetico
170,18,24.91000,63.83000,0,24.96800,66.83200,-0.16000,-5.00000,-0.01778,-0.55556,0,25.67000,humidity_down,sintetico
170,19,24.73000,62.89000,0,24.93400,66.23800,-0.36000,-5.26000,-0.04000,-0.58444,0,25.54000,humidity_down,sintetico
171,9,29.32000,65.77000,0,29.34500,65.60700,-0.04000,0.63000,-0.00444,0.07000,0,30.03000,stable,sintetico
171,10,29.28000,65.82000,0,29.33700,65.67500,-0.02000,0.32000,-0.00222,0.03556,0,30.14000,stable,sintetico
171,11,29.25000,65.51000,0,29.33200,65.67600,-0.04000,-0.21000,-0.00444,-0.02333,0,30.12000,stable,sintetico
171,12,29.22000,65.78000,0,29.32500,65.68200,-0.13000,-0.13000,-0.01444,-0.01444,0,30.20000,stable,sintetico
171,13,29.06000,67.07000,0,29.29600,65.79800,-0.36000,1.63000,-0.04000,0.18111,0,30.32000,stable,sintetico
171,14,29.06000,67.64000,0,29.26000,66.01800,-0.25000,2.22000,-0.02778,0.24667,0,30.13000,stable,sintetico
171,15,28.99000,67.96000,0,29.22800,66.27200,-0.31000,2.83000,-0.03444,0.31444,0,29.91000,stable,sintetico
171,16,29.00000,68.43000,0,29.19800,66.60200,-0.33000,2.80000,-0.03667,0.31111,0,30.02000,stable,sintetico
171,17,28.98000,69.28000,0,29.16300,66.96700,-0.49000,2.87000,-0.05444,0.31889,0,30.08000,stable,sintetico
171,18,28.80000,69.81000,0,29.09600,67.30700,-0.52000,4.04000,-0.05778,0.44889,0,29.89000,stable,sintetico
171,19,28.81000,69.25000,0,29.04500,67.65500,-0.47000,3.43000,-0.05222,0.38111,0,29.72000,stable,sintetico
172,9,31.61000,74.54000,0,31.22700,73.36500,0.79000,0.93000,0.08778,0.10333,0,33.56000,warm_slow,sintetico
172,10,31.70000,74.83000,0,31.31500,73.48700,0.80000,0.53000,0.08889,0.05889,0,33.49000,warm_slow,sintetico
172,11,31.59000,74.95000,0,31.38400,73.55200,0.58000,1.44000,0.06444,0.16000,0,33.43000,warm_slow,sintetico
172,12,31.64000,74.46000,0,31.44700,73.64700,0.56000,1.92000,0.06222,0.21333,0,33.52000,warm_slow,sintetico
172,13,31.68000,74.78000,0,31.50700,73.87100,0.44000,2.54000,0.04889,0.28222,0,33.66000,warm_slow,sintetico
172,14,31.74000,74.09000,0,31.55700,74.05600,0.59000,1.32000,0.06556,0.14667,0,33.63000,warm_slow,sintetico
172,15,31.76000,73.91000,0,31.61800,74.17000,0.48000,0.94000,0.05333,0.10444,0,33.88000,warm_slow,sintetico
172,16,31.85000,74.04000,0,31.67500,74.27700,0.25000,0.64000,0.02778,0.07111,0,34.04000,warm_slow,sintetico
172,17,31.86000,73.87000,0,31.70100,74.32400,0.28000,0.10000,0.03111,0.01111,0,34.23000,warm_slow,sintetico
172,18,31.93000,74.48000,0,31.73600,74.39500,0.32000,-0.06000,0.03556,-0.00667,0,34.31000,warm_slow,sintetico
172,19,32.02000,75.34000,0,31.77700,74.47500,0.32000,0.51000,0.03556,0.05667,0,34.39000,warm_slow,sintetico
173,9,32.05000,80.37000,0,31.32700,78.88300,1.37000,3.01000,0.15222,0.33444,0,36.21000,warm_fast,sintetico
173,10,32.30000,80.06000,0,31.48900,79.15300,1.46000,2.09000,0.16222,0.23222,0,36.47000,warm_fast,sintetico
173,11,32.72000,79.55000,0,31.67700,79.31100,1.67000,1.47000,0.18556,0.16333,0,36.50000,warm_fast,sintetico
173,12,32.89000,79.47000,0,31.86100,79.45000,1.65000,0.97000,0.18333,0.10778,0,36.58000,warm_fast,sintetico
173,13,33.01000,79.30000,0,32.03800,79.53000,1.81000,0.13000,0.20111,0.01444,0,36.68000,warm_fast,sintetico
173,14,33.08000,80.03000,0,32.22600,79.61600,1.82000,1.02000,0.20222,0.11333,0,36.94000,warm_fast,sintetico
173,15,33.09000,80.65000,0,32.40900,79.78000,1.63000,1.60000,0.18111,0.17778,0,37.11000,warm_fast,sintetico
173,16,33.33000,80.52000,0,32.59600,79.92700,1.65000,1.32000,0.18333,0.14667,0,37.14000,warm_fast,sintetico
173,17,33.56000,80.52000,0,32.78400,80.05900,1.75000,0.40000,0.19444,0.04444,0,37.44000,warm_fast,sintetico
173,18,33.58000,80.00000,0,32.96100,80.04700,1.53000,-0.37000,0.17000,-0.04111,0,37.52000,warm_fast,sintetico
173,19,33.82000,80.41000,0,33.13800,80.05100,1.52000,0.35000,0.16889,0.03889,0,37.63000,warm_fast,sintetico
174,9,32.67000,50.56000,0,33.43100,50.78000,-1.34000,0.05000,-0.14889,0.00556,0,31.97000,cool_slow,sintetico
174,10,32.84000,50.25000,0,33.31400,50.75400,-1.07000,-0.97000,-0.11889,-0.10778,0,31.95000,cool_slow,sintetico
174,11,32.76000,49.71000,0,33.19900,50.60300,-1.21000,-1.51000,-0.13444,-0.16778,0,31.62000,cool_slow,sintetico
174,12,32.78000,50.47000,0,33.08000,50.52800,-0.94000,-0.22000,-0.10444,-0.02444,0,31.77000,cool_slow,sintetico
174,13,32.87000,50.37000,0,32.99500,50.49600,-0.67000,-0.26000,-0.07444,-0.02889,0,31.80000,cool_slow,sintetico
174,14,32.71000,50.30000,0,32.91200,50.46300,-0.70000,-1.14000,-0.07778,-0.12667,0,31.71000,cool_slow,sintetico
174,15,32.81000,50.00000,0,32.85200,50.31900,-0.36000,-0.72000,-0.04000,-0.08000,0,31.85000,cool_slow,sintetico
174,16,32.53000,49.72000,0,32.78800,50.21900,-0.61000,-1.20000,-0.06778,-0.13333,0,31.84000,cool_slow,sintetico
174,17,32.44000,48.64000,0,32.71800,49.99100,-0.33000,-1.25000,-0.03667,-0.13889,0,31.70000,cool_slow,sintetico
174,18,32.41000,48.84000,0,32.68200,49.88600,-0.26000,-1.72000,-0.02889,-0.19111,0,31.75000,cool_slow,sintetico
174,19,32.57000,48.02000,0,32.67200,49.63200,-0.27000,-2.23000,-0.03000,-0.24778,0,31.67000,cool_slow,sintetico
175,9,28.72000,62.31000,0,29.23600,62.33000,-1.12000,-1.05000,-0.12444,-0.11667,0,24.40000,cool_fast,sintetico
175,10,28.46000,61.29000,0,29.09800,62.12300,-1.20000,-2.23000,-0.13333,-0.24778,0,24.31000,cool_fast,sintetico
175,11,28.22000,62.24000,0,28.95400,61.99500,-1.34000,-0.62000,-0.14889,-0.06889,0,24.20000,cool_fast,sintetico
175,12,28.04000,63.25000,0,28.80200,62.03400,-1.22000,0.60000,-0.13556,0.06667,0,24.03000,cool_fast,sintetico
175,13,28.13000,64.82000,0,28.68900,62.25100,-0.88000,2.73000,-0.09778,0.30333,0,23.70000,cool_fast,sintetico
175,14,28.20000,66.04000,0,28.60800,62.64600,-0.86000,4.88000,-0.09556,0.54222,0,23.38000,cool_fast,sintetico
175,15,28.08000,66.08000,0,28.51000,63.13800,-1.06000,4.84000,-0.11778,0.53778,0,23.35000,cool_fast,sintetico
175,16,27.95000,66.00000,0,28.39100,63.61400,-1.15000,4.36000,-0.12778,0.48444,0,23.18000,cool_fast,sintetico
175,17,27.81000,66.34000,0,28.26200,64.08400,-1.20000,3.87000,-0.13333,0.43000,0,23.06000,cool_fast,sintetico
175,18,27.59000,65.50000,0,28.12000,64.38700,-1.13000,3.19000,-0.12556,0.35444,0,22.98000,cool_fast,sintetico
175,19,27.48000,65.04000,0,27.99600,64.66000,-0.98000,3.75000,-0.10889,0.41667,0,22.81000,cool_fast,sintetico
176,9,27.25000,72.10000,1,27.45100,72.37400,-0.38000,0.59000,-0.04222,0.06556,10,28.90000,presence_in,sintetico
176,10,27.27000,72.08000,1,27.41500,72.43100,-0.23000,0.15000,-0.02556,0.01667,10,29.10000,presence_in,sintetico
176,11,27.34000,71.98000,1,27.39900,72.43600,-0.12000,-0.12000,-0.01333,-0.01333,10,29.11000,presence_in,sintetico
176,12,27.50000,72.41000,1,27.40300,72.46700,0.06000,0.39000,0.00667,0.04333,10,29.01000,presence_in,sintetico
176,13,27.51000,73.04000,1,27.41000,72.56900,0.10000,0.92000,0.01111,0.10222,10,29.27000,presence_in,sintetico
176,14,27.32000,72.99000,1,27.40100,72.65600,-0.16000,-0.02000,-0.01778,-0.00222,10,29.37000,presence_in,sintetico
176,15,27.33000,73.32000,1,27.38600,72.68700,-0.13000,0.53000,-0.01444,0.05889,10,29.35000,presence_in,sintetico
176,16,27.13000,73.18000,1,27.35300,72.72600,-0.27000,-0.42000,-0.03000,-0.04667,10,29.56000,presence_in,sintetico
176,17,27.17000,73.44000,1,27.33000,72.71000,-0.31000,0.88000,-0.03444,0.09778,10,29.65000,presence_in,sintetico
176,18,27.32000,73.86000,1,27.31400,72.84000,0.07000,1.76000,0.00778,0.19556,10,29.61000,presence_in,sintetico
176,19,27.31000,74.23000,1,27.32000,73.05300,0.04000,2.15000,0.00444,0.23889,10,29.82000,presence_in,sintetico
177,9,24.98000,47.96000,1,25.27100,46.64400,-0.63000,1.08000,-0.07000,0.12000,4,24.14000,presence_long,sintetico
177,10,25.07000,47.43000,1,25.21700,46.69900,-0.54000,0.91000,-0.06000,0.10111,5,24.03000,presence_long,sintetico
177,11,24.88000,47.10000,1,25.14400,46.75700,-0.63000,0.74000,-0.07000,0.08222,6,24.07000,presence_long,sintetico
177,12,24.97000,46.91000,1,25.09000,46.81200,-0.26000,1.19000,-0.02889,0.13222,7,24.03000,presence_long,sintetico
177,13,24.94000,47.41000,1,25.06100,46.98100,-0.39000,1.50000,-0.04333,0.16667,8,24.00000,presence_long,sintetico
177,14,24.85000,47.37000,1,25.01300,47.12700,-0.35000,1.16000,-0.03889,0.12889,9,24.02000,presence_long,sintetico
177,15,24.66000,47.54000,1,24.95900,47.26000,-0.43000,0.93000,-0.04778,0.10333,10,23.96000,presence_long,sintetico
177,16,24.69000,47.98000,1,24.91900,47.39700,-0.39000,1.55000,-0.04333,0.17222,10,23.99000,presence_long,sintetico
177,17,24.55000,47.87000,1,24.86600,47.54100,-0.52000,0.03000,-0.05778,0.00333,10,23.91000,presence_long,sintetico
177,18,24.40000,47.74000,1,24.79900,47.53100,-0.58000,-0.22000,-0.06444,-0.02444,10,23.93000,presence_long,sintetico
177,19,24.58000,47.56000,1,24.75900,47.49100,-0.49000,0.13000,-0.05444,0.01444,10,23.72000,presence_long,sintetico
178,9,30.48000,69.61000,0,30.49200,67.00200,-0.10000,4.62000,-0.01111,0.51333,0,30.85000,humidity_up,sintetico
178,10,30.70000,70.48000,0,30.50400,67.55100,0.17000,5.55000,0.01889,0.61667,0,31.01000,humidity_up,sintetico
178,11,30.68000,70.65000,0,30.51900,68.12300,0.06000,4.91000,0.00667,0.54556,0,30.94000,humidity_up,sintetico
178,12,30.83000,71.31000,0,30.54000,68.68000,0.19000,5.19000,0.02111,0.57667,0,30.92000,humidity_up,sintetico
178,13,30.84000,72.23000,0,30.56000,69.29100,0.44000,5.81000,0.04889,0.64556,0,30.90000,humidity_up,sintetico
178,14,30.94000,73.09000,0,30.61400,69.95800,0.64000,5.98000,0.07111,0.66444,0,30.67000,humidity_up,sintetico
178,15,31.05000,73.88000,0,30.68900,70.63500,0.67000,6.04000,0.07444,0.67111,0,30.75000,humidity_up,sintetico
178,16,31.12000,74.03000,0,30.76300,71.25400,0.59000,5.96000,0.06556,0.66222,0,30.62000,humidity_up,sintetico
178,17,31.33000,73.90000,0,30.84300,71.83700,0.87000,4.71000,0.09667,0.52333,0,30.78000,humidity_up,sintetico
178,18,31.37000,73.72000,0,30.93400,72.29000,0.89000,4.11000,0.09889,0.45667,0,30.66000,humidity_up,sintetico
178,19,31.36000,73.95000,0,31.02200,72.72400,0.66000,3.47000,0.07333,0.38556,0,30.87000,humidity_up,sintetico
179,9,29.65000,76.97000,0,29.60300,79.40700,0.10000,-6.27000,0.01111,-0.69667,0,29.40000,humidity_down,sintetico
179,10,29.69000,75.97000,0,29.61700,78.68000,0.09000,-6.18000,0.01000,-0.68667,0,29.25000,humidity_down,sintetico
179,11,29.43000,75.00000,0,29.60000,77.96500,-0.02000,-5.65000,-0.00222,-0.62778,0,29.34000,humidity_down,sintetico
179,12,29.27000,74.05000,0,29.58200,77.30500,-0.32000,-5.59000,-0.03556,-0.62111,0,29.27000,humidity_down,sintetico
179,13,29.29000,73.54000,0,29.55200,76.69500,-0.34000,-5.87000,-0.03778,-0.65222,0,29.26000,humidity_down,sintetico
179,14,29.52000,73.26000,0,29.54100,76.08000,-0.13000,-5.76000,-0.01444,-0.64000,0,29.35000,humidity_down,sintetico
179,15,29.75000,73.10000,0,29.55100,75.48800,0.05000,-5.45000,0.00556,-0.60556,0,29.12000,humidity_down,sintetico
179,16,29.88000,72.36000,0,29.56900,74.86900,0.27000,-5.17000,0.03000,-0.57444,0,29.01000,humidity_down,sintetico
179,17,29.75000,71.56000,0,29.58300,74.27200,0.15000,-5.35000,0.01667,-0.59444,0,28.92000,humidity_down,sintetico
179,18,29.75000,70.66000,0,29.59800,73.64700,0.10000,-6.31000,0.01111,-0.70111,0,28.94000,humidity_down,sintetico
179,19,29.63000,70.34000,0,29.59600,72.98400,-0.06000,-5.63000,-0.00667,-0.62556,0,28.98000,humidity_down,sintetico
